name,address,longitude_wgs84,latitude_wgs84
八一儿童医院,北京市东城区朝内北小街2号,116.42389326346671,39.92895131941365
北京466医院（空军航空医学研究所附属医院）,北京市海淀区北洼路北口（香格里拉饭店南100米路东）,116.30071766444325,39.939732546942885
北京朝阳医院京西院区,北京市石景山区京原路5号,116.20382419463958,39.89912671522882
北京大学第六医院（北医六院）,北京市海淀区花园北路51号,116.35155320941291,39.97998611664275
北京大学第三医院（北医三院）,北京海淀区花园北路49号,116.35373836740376,39.98003793065801
北京大学第一医院（北大医院）,北京市西城区西什库大街八号,116.37439782850018,39.93047433201545
北京大学口腔医院,北京市中关村南大街22号,116.12060801256416,40.23314726983074
北京大学人民医院（北大人民医）,北京市西城区西直门南大街11号,116.34807587557488,39.93553073968999
北京地坛医院（地坛医院）,北京市朝阳区京顺东街8号,116.52037990853513,40.02214604081185
北京回龙观医院（回龙观医院）,北京市昌平区回龙观,116.32343980546587,40.06630880705683
北京积水潭医院（北大四院、积水潭医院、北京大学第四临床医学院）,北京市西城区新街口东街31号,116.36958238072097,39.943004291691395
北京结核病控制研究所（北京结核病防汉中心）,北京市西城区新街口东光胡同五号,116.35986892880672,39.94125992093702
北京军区总医院,北京市东城区南门仓5号,116.42289392815148,39.92948178488063
北京世纪坛医院（世纪坛医院）,北京市海淀区羊坊店铁医路10号,116.31288044466312,39.8982442490875
北京市急救中心,北京市西城区前门西大街103号,116.37559392208281,39.89932210839972
北京同仁医院（首都医科大学附属北京同仁医院）,北京市东城区东交民巷1号,116.4109168754437,39.90130427209607
北京协和医院（协和医院）,北京市东城区帅府园1号(东院)/西城区大木仓胡同41号(西院),116.36136694198294,39.91155960123939
北京协和医院西院（协和西院）,北京市西城区大木仓胡同41号,116.36136694198294,39.91155960123939
北京胸科医院（中央结核病研究所、结核病院）,北京市通州区北马厂97号,116.71323476293429,39.948164665747136
北京友谊医院（首都医科大学附属北京友谊医院）,北京市宣武区永安路95号,116.38589072488942,39.883954788115624
北京中医药大学东方医院,北京市丰台区方庄芳星园一区6号,116.4258734691709,39.862787039920924
北京中医药大学东直门医院（东直门医院）,北京市东城区海运仓5号(本部)；北京市通州区翠屏西路116号(东区),116.42235598295169,39.93424581418434
北京肿瘤医院（北京大学肿瘤学院、北京市肿瘤防治研究所）,北京市海淀区阜成路52号（定慧寺）,116.28307906428076,39.92155961150117
阜外心血管病医院（解放军胸科医院、北京阜外医院）,北京市西城区北礼士路167号,116.34511637090704,39.92415102729128
海军总医院（中国人民解放军海军总医院）,北京市海淀区阜成路6号,116.31695521430726,39.921421610044206
解放军307医院（解放军三零七医院）,北京市丰台区东大街8号,116.2895207339168,39.861122043807384
解放军第309医院（309医院）,北京市海淀区黑山扈路甲17号,116.25955291175583,40.021510026910065
解放军总医院第一附属医院（304医院）,北京市海淀区阜成路51号,116.29827005988211,39.92356033119602
解放军总医院烧伤整形医院（全军烧伤研究所）,北京市海淀区阜成路51号,116.29847558366927,39.923230438405255
首都儿科研究所附属儿童医院（首都儿科研究所）,总院:北京市朝阳区雅宝路2号；月坛门诊部:北京市月坛南街1号,116.43162887080207,39.91319001828635
首都医科大学附属北京安定医院（北京安定医院）,北京市西城区德胜门外安康胡同5号（德胜门成楼西北角）,116.37052405963098,39.951268272331916
首都医科大学附属北京安贞医院（安贞医院）,北京市朝阳区安贞路2号,116.39733195908269,39.97145885838294
首都医科大学附属北京朝阳医院（朝阳医院）,本部：北京市朝阳区工人体育场南路8号，京西院区：石景山区京原路5号,116.44081340538756,39.92993355726109
首都医科大学附属北京儿童医院,北京市复兴门外西城区南礼士路56号,116.3484244060971,39.91123056706612
首都医科大学附属北京妇产医院,"东城区骑河楼街17号（东院）,朝阳区姚家园路251号东三环长虹桥向东约500米（西院）",116.39811125320244,39.91873211736016
首都医科大学附属北京口腔医院,北京市东城区天坛西里4号（天坛）；北京市东城区锡拉胡同11号（王府井）,116.39528020367877,39.87641738633426
首都医科大学附属北京天坛医院,北京市东城区天坛西里6号,116.39762049358345,39.87598703737878
首都医科大学附属北京佑安医院（佑安医院）,北京市丰台区右安门外西头条8号,116.34921748960943,39.86517559406654
首都医科大学附属北京中医医院（北京中医医院）,北京市东城区美术馆后街23号,116.4017240646118,39.93053993481513
首都医科大学附属宣武医院（宣武医院）,北京市西城区长椿街45号宣武医院,116.35609893724605,39.89073012310193
卫生部北京医院（北京医院）,北京市东城区东单大华路1号,116.40895739869902,39.90243861870424
武警北京市总队第二医院,北京市西城区月坛北街丁3号（月坛公园斜对面）,116.34812094544968,39.9180391281544
武警北京市总队医院,北京市朝阳东三里屯1号院,116.4521501894232,39.93420430781914
武警总医院（公安二师医院、解放军第医院警卫一师医院）,北京市海淀区永定路69号,116.25748070700357,39.90958818768653
亦庄同仁医院（北京同仁医院南区）,北京经济技术开发区西环南路2号,116.51397344296656,39.778335510250116
中国康复研究中心北京博爱医院,北京市丰台区角门北路10号,116.37243468857244,39.84813357458373
中国人民解放军第306医院（三零六医院、三0六医院）,北京市朝阳区安翔北里9号（京藏高速路东）,116.37226469183531,39.99389649872138
中国人民解放军第二炮兵总医院（262医院、二炮兵医院、中国人民解放军二六二医院）,北京市西城区新外大街16号,116.36611280476468,39.955380448197
中国人民解放军第三0二医院（302医院、三零二医院）,北京市丰台区西四环中路100号,116.27147921893189,39.883455262962244
中国人民解放军第三零五医院（305医院）,北京市西城区文津街甲13号,116.37837712075452,39.92429190412224
中国人民解放军空军总医院（空军总医院）,北京市海淀区阜成路30号(西钓鱼台),116.29490068673962,39.9204604676731
中国人民解放军总医院（解放军301医院、三零一医院、301医院）,北京市海淀区复兴路28号,116.27108953321046,39.90357144159224
中国医学科学院整形外科医院（八大处整形医院）,北京石景山区八大处路33号,116.19353616430371,39.94125041411256
中国医学科学院肿瘤医院（中科院肿瘤医院）,北京市朝阳区潘家园南里17号,116.4407172818865,39.8714343162413
中国中医科学研究院广安门医院（北京广安门医院）,中国北京宣武区北线阁5号,116.33377728257881,39.74299069017107
中国中医科学院望京医院（望京医院）,北京市朝阳区花家地街,116.46698881004251,39.981076919141984
中国中医科学院西苑医院（西苑医院）,北京市海淀区西苑操场1号,116.28755630244362,39.99386110018578
中日友好医院（卫生部中日友好医院）,北京市朝阳区樱花东街,116.41989635252348,39.97287656941013
中国人民解放军总医院(三O一医院),海淀区复兴路28号,116.27108953321046,39.90357144159224
中国人民解放军三O二医院,丰台区丰台路26号,116.27995520693412,39.857361803237765
中国人民解放军三O四医院,海淀区阜成路51号,116.29847558366927,39.923230438405255
中国人民解放军第三O五医院,西城区文津街甲13号,116.37800119895562,39.923143818024656
中国人民解放军第三O六医院,朝阳区德外安翔北路9号,116.37181862536275,39.99473650525557
中国人民解放军三O七医院 军事医学院附属医院,海淀区北太平路2号,116.26634531204513,39.901637508306926
中国人民解放军第三O九医院,海淀区黑山扈路甲17号,116.25989422471945,40.02093571682549
海军总医院,海淀区阜成路6号,116.31695521430726,39.921421610044206
空军总医院,海淀区阜成路30号,116.29490068673962,39.9204604676731
北京军区总医院,东城区东四六条南门仓5号,116.42289392815148,39.92948178488063
武警总医院,海淀区永定路69号,116.25748070700357,39.90958818768653
中国人民解放军第二炮兵总医院(原中国人民解放军二六二医院),西城区新外大街16号,117.17996116704522,39.11680176876786
中国人民解放军四六六医院,海淀区昌运宫15号,116.30071766444325,39.939732546942885
天津市第一中心医院（第一中心医院）,天津市南开区复康路24号,117.1455262401615,39.09999267215929
天津市眼科医院,天津市和平区甘肃路4号,117.17878980939736,39.123422765833425
天津市长征医院（长征医院）,天津市红桥区北马路354号（原二中心医院原址）,117.17104315640178,39.1459369881134
天津市第三医院,天津市河北区江都路24号,117.23131174321063,39.157041454716975
天津市中心妇产科医院,天津市和平区营口道210号,117.18801243637868,39.115599481153225
天津医院（天津骨科医院）,天津市河西区解放南路406号,117.21549609035758,39.10952654576153
天津中医学院第一附属医院,天津市南开区鞍山西道314号,117.15853389219943,39.11360224019567
天津医科大学第三医院,天津市河西区马场道91号,117.20765017732668,39.11033338275518
天津长征医院,天津市红桥区北马路354号,117.17104315640178,39.1459369881134
天津市整形外科医院,天津市和平区大沽路75号（天津市口腔医院院内）,117.19930347182216,39.12664289333402
天津医科大学总医院（医科大总医院）,天津市和平区鞍山道154号,117.17996116704522,39.11680176876786
天津市脑系科中心医院,天津市河西区气象台路122号,117.17555908479666,39.088867807408015
天津市安定医院,天津市河西区吴家窑大街39号,117.1825373390245,39.09746450190649
天津中医药大学第一附属医院（全国针灸临床研究中心、中医药大学一附院）,天津市南开区鞍山西道314号,117.15809963051741,39.11433939742047
天津市人民医院,天津市红桥区芥园道130号,117.1503747586244,39.14596774286768
天津市儿童医院,天津市河西区马场道225号,117.19071718798968,39.10034476226116
天津市口腔医院,天津市和平区大沽北路75号,117.1996812242017,39.12669269438002
天津市中西医结合医院,天津市南开区三纬路122号,117.16421174199418,39.12698062021849
天津市第二中心医院,天津市红桥区北马路354号,117.17113358740643,39.14541578293556
天津医科大学第二附属医院,天津河西区平江道23号,117.21549900664743,39.08114400359861
天津市第三中心医院,天津市河东区津塘路83号,117.24170774723228,39.10893754033476
天津市第四中心医院,天津市河北区中山路一号,117.20248469589211,39.16291627462866
天津市南开医院（南开医院）,天津市南开区三纬路122号,117.16419964133551,39.12552624431355
天津市第四医院,天津市河西区微山路4号,117.25661428488854,39.060303748340004
天津市环湖医院,天津市河西区气象台路122号,117.17501703296685,39.08810646522303
天津市天津医院,天津市河西区解放南路406号,117.2245224629453,39.09226591813417
天津市传染病医院,天津市南开区苏堤路75号,117.14519500657767,39.112514154808984
天津市中医医院,天津市河北区中山路125号,117.19606512967691,39.15841970472466
天津医科大学第二医院（天津医大二院）,天津市河西区平江道23号,117.21395412030236,39.08183845327503
天津医科大学附属肿瘤医院,天津市河西区体院北环湖西路,117.17739848239462,39.079226889430785
天津市肺科医院,天津市河西区柳林路14号,117.28033532885868,39.073347024142734
天津市胸科医院,天津市和平区西安道93号,117.19061206486681,39.11510927170786
天津海河医院（海河医院）,天津市津南区双港东,117.31502132431572,39.04169963874603
天津市武警医学院附属医院（武警医学院附院）,天津市河东区成林道211号（成林道与天山路交口处东南角）,117.29139426370958,39.133970478797686
天津医科大学口腔医院（医科大口腔医院）,天津和平区气象台路12号,117.17895368523746,39.103865829695316
中国人民解放军第二五四医院（254医院）,天津市河北区黄纬路60号,117.18360459838446,39.16070779435762
泰达心血管病医院,天津市经济技术开发区第三大街61号,117.70774556784453,39.02628897463955
中国医学科学院血液病医院（血液研究所）,天津市南京路288号,117.17677422753013,39.121040833222715
中国人民解放军第254医院泌尿中心,天津市河北区黄纬路60号,117.18360459838446,39.16070779435762
天津市医科大学眼科中心,天津市和平区同安道64号,117.1772465904259,39.10360575076
天津天津环湖医院（脑科中心医院、环湖医院）,天津市河西区气象台路122号,117.17501703296685,39.08810646522303
天津市人民医院滨江分院（人民医滨江分院）,天津市和平区滨江道205号,117.19279835146664,39.122528361503015
天津市公安局安康医院（安康医院）,天津市河北区建昌道34号,117.21819546169075,39.172586803529256
中国医学科学院中国协和医科大学血液学研究所血液病医院,天津市和平区南京路288号,117.17677422753013,39.121040833222715
武警天津部队医院（人民武装警察部队医学院附属医院）,天津市河东区程林庄道与天山路口,117.27048551070965,39.13797011983421
中国人民解放军第四六四医院,天津市南开区红旗南路600号,117.17692372471954,39.06629077611824
泰达国际心血管病医院,天津市经济技术开发区第三大街61号,117.70836740732393,39.02751102273439
天津市第五中心医院天津市塘沽医院,天津市塘沽区杭州道41号,117.64755527672577,39.03534558506868
中国人民解放军空军天津医院中国人民解放军四六四医院,天津市南开区红旗南路600号,117.17692372471954,39.06629077611824
天津铁路中心医院,天津市河北区中山路3号,117.20248469589211,39.16291627462866
天津中医学院第二附属医院（天津中医二附院）,天津市河北区王串场真理道3号路,117.22134627793434,39.14846655745495
天津医科大学第三附属医院,天津市河西区三义庄街马场道91号,117.20765017732668,39.11033338275518
天津市医科大学总医院,天津市和平区鞍山道,117.17996116704522,39.11680176876786
天津市肿瘤医院,天津市河西区体院北环湖西路,117.17739848239462,39.079226889430785
天津市心理卫生医院,天津市和平区四平东道29号,117.18836529373263,39.12560922845512
河北医科大学第三医院（河北医科大三院）,河北省石家庄市自强路139号,114.46162238741583,38.04006356122766
河北省儿童医院,河北省石家庄市长安区建华南大街133号,114.5410841024416,38.03463412931869
石家庄市中医院,河北省石家庄市中山西路233号,114.4662602778819,38.042943101830026
河北省人民医院,河北省石家庄市和平西路348号,114.45941633733452,38.05763700283893
河北北方学院附属第一医院（北方学院附一院）,河北省张家口市长青路12号,114.8836669968056,40.82635052390681
唐山市人民医院（唐山市肿瘤医院）,河北省唐山市路南区胜利路65号,118.20615464012829,39.61819768680866
河北省胸科医院（河北省结核病医院）,河北省石家庄市胜利北街372号,114.51229406447659,38.08863504428762
邯郸市第一医院,河北省邯郸市丛台路24号,114.48492513736798,36.619151456537395
河北医科大学第二医院（河北医科大二院）,河北省石家庄市和平西路215号,114.47616111083545,38.05738836344019
邯郸市中心医院,河北省邯郸市中华南大街15号,114.48567156417883,36.60014171560852
承德医学院附属医院（承德附院）,河北省承德市南营子大街36号,117.92895421706959,40.96833779480332
河北省职工医学院附属医院（河北省职工医学院附院）,河北省保定市裕华东路212号,115.50897325853543,38.85356099358736
廊坊市人民医院,河北省廊坊市新华路37号,116.70411330168899,39.51614665480477
河北省中医院（河北中医学院附属医院）,河北省石家庄市中山东路389号,114.53157272929106,38.0435561716518
沧州市人民医院,河北省沧州市北大街20号,117.22072122386756,38.059948612604416
沧州市中心医院,河北省沧州市新华中路201号,116.84204008113703,38.3104124742319
中国人民解放军白求恩国际和平医院（白求恩国际和平医院）,河北省石家庄市中山西路398号,114.44322391391073,38.038852920437655
河北省中医院,河北省石家庄市长安区中山东路389号,114.53157272929106,38.0435561716518
华北煤炭医学院附属医院,河北省唐山市路北区建设南路73号,118.17933683395978,39.63947815339842
邢台市人民医院,红星街16号(市政府西行300米路南),114.49405339482742,37.06898749634045
河北医科大学第一医院（河北医科大一院）,河北省石家庄市东岗路89号,114.54697373494555,38.01654159873394
河北省第六人民医院,河北省保定市东风东路572号(军校广场南侧),115.53934238893619,38.865909632096816
河北医科大学口腔医院（河北省口腔医院）,河北省石家庄市长安区中山东路383号,114.5302557599045,38.04303233315214
张家口医学院第一附属医院,河北省张家口市桥西区长青路12号,114.8836669968056,40.82635052390681
沧州市中西医结合医院,河北省沧州市南环西路22号,116.8069798080898,38.563828697570926
唐山市中医院,河北省唐山市康庄道3号,118.18029228925413,39.625794872258325
唐山市妇幼保健院,河北省唐山市路南区建设南路14号,118.17011194927858,39.6199461795332
邯郸市中医院,河北省邯郸市和平路311号,114.4936690834144,36.60183321227916
廊坊市中医院,河北省廊坊市银河北路108号,116.69075847680142,39.53482826513145
唐山市第四医院（唐山市肺科医院）,河北省唐山市学警路南头,118.21093893875806,39.59986854316444
河北省中医医院,河北省石家庄市中山东路389号,114.53157272929106,38.0435561716518
保定市第一中心医院,河北省保定市长城北大街320号,115.50653345307354,38.87292214574901
河北省医科大学第二医院（河北省医大二院）,河北省石家庄市和平西路215号,114.47616111083545,38.05738836344019
保定市妇幼保健院,河北省保定市环城南路1号,115.93148597253762,38.9165172929539
涿州市结核病医院,河北省保定市涿州市,115.969005615274,39.48433361139514
开滦医疗集团,河北省唐山市新华东道57号,118.19296942830604,39.623271780404686
唐山市第六医院,河北省唐山市路北区建设南路14号,118.17072052581479,39.6199672161237
峰峰矿务局第一医院,河北省邯郸市峰峰矿区鼓山南街2号,114.20184701792995,36.41931702090435
承德市中心医院（承德医学院第二附属医院）,河北省承德市西大街路北22号,117.9264159126641,40.98051379108464
承德市医院,河北省承德市粮市街,118.16755264172716,40.766670910456604
河北医科大附属唐山工人医院,河北省唐山市路北区文化路27号,118.17995152998729,39.62752894150617
秦皇岛市中医院,河北省秦皇岛市海港区海阳路209号,119.58310204698776,39.936304668797845
石油部天然气集团公司中心医院,河北省廊坊市新开路51号,116.71504784254637,39.519916753861516
河北医科大学中医学院附属医院石家庄市中医院,河北省石家庄市中山西路233号,114.4662602778819,38.042943101830026
河北省胸科医院河北省结核病医院,河北省石家庄市胜利北街372号,114.51229406447659,38.08863504428762
峰峰集团公司总医院,河北省邯郸市峰峰矿区鼓山南街2号,114.20235077879757,36.41975619978081
唐山市中医医院,河北省唐山市路北区康庄道6号,118.18029228925413,39.625794872258325
唐山市工人医院,河北省唐山市路北区文化路27号,118.17995152998729,39.62752894150617
河北医科大学中医学院附属医院,河北省石家庄市中山西路233号,114.46623264006777,38.04262777780528
衡水市哈励逊国际和平医院（国际和平医院）,河北省衡水市桃城区人民中路2号,115.68492281850659,37.73063634118719
河北大学附属医院,河北保定市裕华东路212号,115.50897325853543,38.85356099358736
河北医科大学第四医院,河北省石家庄市健康路12号,114.50287864033385,38.049062743430255
秦皇岛市妇幼保健院,河北省秦皇岛市海港区红旗路452号(火车站西行200米),119.580274745095,39.961152517174554
秦皇岛市第一医院,河北省秦皇岛市海港区文化路258号,119.59534676984654,39.937508705946314
中国人民解放军第二六六医院,河北省承德市大佛寺北,117.94259769021669,41.017935283446114
石家庄市第一医院,河北省石家庄市长安区范西路36号,114.50877465379105,38.03748725195179
邯郸荣耀心血管病医院,河北省邯郸市望岭西路10号,114.4748897355808,36.62585394954122
中国人民解放军第二五一医院（251医院）,河北省张家口市建国路13号,114.89333438645342,40.80532304451507
武警河北总队医院（河北石家庄武警医院）,河北省石家庄市新华西路130号武警河北总队医院,114.42567764287476,38.04952707031122
秦皇岛市中医医院,河北省秦皇岛市海港区中医医院,119.54944493076144,39.93043768849618
哈励逊国际和平医院（衡水市人民医院）,河北省衡水市桃城区人民中路2号,115.68492281850659,37.73063634118719
山西医科大学第二医院（山西红十字医院）,山西省太原市五一路382号,112.56992456151534,37.87837861928125
山西省人民医院,山西省太原市双塔寺东街26号,112.57149266982628,37.84657739634569
太原市中心医院,山西省太原市解放路东三道巷1号,112.55296311199993,37.87212429321631
大同市第三人民医院,山西省大同市新建南路医卫街1号,113.28064047085763,40.07421742245471
山西医科大学第一医院（山西医科大学第一临床医学院）,山西省太原市解放南路85号,112.54908531187934,37.85285351611934
长治医学院附属和平医院,山西省长治市延安南路50号,113.10913573200382,36.17214929224009
山西中医学院附属医院,山西省太原市晋祠路一段65号,112.52331615012764,37.843261536041204
山西省眼科医院,山西省太原市府东街100号,112.55724017597932,37.87169681700042
山西省中医药研究院,山西省太原市迎泽区,112.60148129978715,37.833547782957574
太原铁路中心医院（铁路中心医院）,山西省太原市府东街27号,112.57296314418403,37.87197862282215
山西省肿瘤医院,山西太原市职工新街3号,112.59302072170789,37.88660402148688
长治医学院附属和济医院（和济医院）,山西省长治市太行东街271号,113.13052437190802,36.20138454769104
运城市中心医院（运城地区人民医院）,东院地址：运城市河东东街3690号,111.02896784527248,35.0347050639591
山西省中医学院附属医院（山西省中医药研究所、山西省中医附院）,山西省山西太原市并州西街46号,112.56088074206276,37.85065238826799
山西中医学院中西医结合附属医院,山西省太原市府东街13号,112.57630576161387,37.87206108975069
山西省妇幼保健院,山西省太原市新民北正街13号,112.54089172312048,37.89379045640273
晋城煤业集团总医院（晋煤集团总医院）,山西省晋城市城区北石店,112.9015810380726,35.550655450725145
山西省精神卫生中心（精神卫生中心、太原精神病医院）,山西省太原市南城区南十方街55号,112.5995601727882,37.83261284812273
山西省永济五七五工厂职工医院,山西省运城市永济市,110.4424994135303,34.86790774139803
山西解放军264医院（山西264医院）,山西太原市桥东街中段30号,112.56967172396536,37.85651820562344
山西省儿童医院,山西省太原市新民北街13号,112.56688260804879,37.87974431636167
运城市中医医院,山西省运城市中银大道5号,111.0097892086449,35.02374908583324
中国人民解放军第二六四医院,山西省太原市迎泽区桥东街,112.57586247902246,37.8569426668997
山西第三人民医院肿瘤医院山西肿瘤研究所,山西省太原市职工新街3号,112.59329401589736,37.88556099988964
山西省心血管疾病医院,漪汾街院区：山西省太原市漪汾街18号；文源巷院区：山西省太原市文源巷6号,112.51964372693249,37.87286892042142
山西省太原市中心医院,解放路东三道巷1号,112.55296311199993,37.87212429321631
赤峰市医院,内蒙古自治区赤峰市昭乌达路中段1号,118.94756236115538,42.267793046722346
内蒙古医学院附属医院,内蒙古自治区呼和浩特市回民区通道北街1号,111.6458292896385,40.840204465518504
兴安盟人民医院,内蒙古自治区兴安盟乌兰浩特市罕山东街12号,122.06869699289967,46.08832395533239
内蒙古民族大学附属医院（民族大学附院）,内蒙古通辽市科尔沁区霍林河大街,122.28274495125099,43.623696239035894
内蒙古自治区中蒙医院,内蒙古呼和浩特市健康街15号,111.66835512410687,40.812531572924186
通辽市医院,内蒙古自治区通辽市科尔沁大街668号,122.27090728767377,43.61021045253096
内蒙古自治区医院（自治区医院）,内蒙古呼和浩特市新城区昭乌达路20号,111.68667535385362,40.81503060046039
内蒙古医学院第二附属医院（内蒙古医学院二附院）,内蒙古自治区呼和浩特市营坊道1号,111.65305922420234,40.81875278246168
内蒙古妇幼保健院,内蒙古自治区呼和浩特市公园东路50号,111.66413075152181,40.81067562786334
内蒙古胸科医院,内蒙古自治区呼和浩特市新城区新城北街,111.6788100603957,40.830439692079956
内蒙古医学院第一附属医院,内蒙古呼和浩特市通道北街1号,111.6458292896385,40.840204465518504
内蒙古自治区中蒙医医院,内蒙古自治区呼和浩特市新城区健康街11号,111.66806068957945,40.81187533682696
中国人民解放军第二五三医院,内蒙古自治区呼和浩特市爱民路111号,111.70194219128071,40.84460374167034
内蒙古自治区精神卫生中心,内蒙古乌兰察布市西路181号,113.12573353719553,40.99293321831328
内蒙古自治区妇幼保健院,内蒙古呼和浩特市回民区公园东路50号,111.66413075152181,40.81067562786334
鞍钢集团公司铁东医院,辽宁省鞍山市铁东区健身街3号,123.005373133265,41.11809254571778
鞍钢总医院,辽宁省鞍山市铁东区健身街3号,123.00575310474999,41.11836703680727
鞍山钢铁集团公司长甸医院,辽宁省鞍山市铁东区长大街94号,122.99220761943916,41.08157086474545
鞍山钢铁集团公司精神康复医院,辽宁省鞍山市立山区深沟寺三区第二转盘南,123.0360728169734,41.11896284522585
鞍山钢铁集团公司立山医院,辽宁省鞍山市立山区双山路八里32号,123.03518478162803,41.11798052476903
鞍山市博爱眼科医院,辽宁省鞍山市铁东区园林路58号（九中对面）,123.00362152989638,41.11160086396883
鞍山市妇儿医院,辽宁省鞍山市铁西区三道街115号,122.96984175270443,41.104408050829925
鞍山市中心医院,辽宁省鞍山市铁东区南中华路77号,123.01791386357633,41.13170371674688
鞍山市中医院,辽宁省鞍山市铁东区新营路15号,123.00447109074898,41.085121684518946
本钢总医院,辽宁省本溪市平山区人民路29号,123.75995176051025,41.29390345890241
本溪钢铁（集团）公司总医院（钢铁总医院、中国医科大学第五临床医院）,辽宁省本溪市平山区人民路29号,123.76091536696511,41.29319415151739
本溪市金山医院（金山医院）,辽宁省本溪市明山区水塔路矿院街16号,123.7754145044936,41.29924175794571
本溪市中心医院,辽宁省本溪市明山区北光路45号,123.76505993450071,41.29981189973323
朝阳市第二医院,辽宁省朝阳市双塔区朝阳大街四段26号,120.43993442311114,41.562588248726804
朝阳市中心医院,辽宁省朝阳市朝阳大街二段6号,120.43854318550713,41.549906275724496
大连北海医院,辽宁省大连市西岗区胜利路80号,121.60490385293474,38.902450098195544
大连大学附属新华医院（新华医院）,辽宁省大连市沙河口区万岁街156号（原老五院）,121.5956584669142,38.90079506357072
大连大学附属中山医院（中山医院）,辽宁省大连市中山区解放街6号,121.64364132520117,38.91615091252427
大连大学医学院附属医院（连大附院、肛肠病院）,辽宁省大连市沙河口区万岁街156号,121.59521015195746,38.90020391476444
大连儿童医院,辽宁省大连市西岗区中山路154号,121.62336506325869,38.91160871236364
大连市第二人民医院,辽宁省大连市西岗区宏济街29号,121.61611513816193,38.91761546392817
大连市第六人民医院（大连市传染病医院）,辽宁省大连市中山区春海街1号,121.67206380611627,38.91910653032897
大连市第七人民医院（大连市心理医院）,辽宁省大连市甘井子区凌水路179号,121.51778592732099,38.87521969187288
大连市第三人民医院,辽宁省大连市甘井子区千山路40号,121.573566976814,38.979109089642826
大连市儿童医院,辽宁省大连市西岗区中山路154号,121.62406395752616,38.911822612746136
大连市妇产医院大连市妇幼保健院,辽宁省大连市沙河口区敦煌路1号,121.57185640983991,38.930704073983634
大连市友谊医院（友谊医院）,辽宁省大连市中山区三八广场,121.65201979083639,38.920257076782754
大连市友谊医院大连市红十字会医院,辽宁省大连市中山区三八广场8号,121.65201979083639,38.920257076782754
大连市中心医院,辽宁省大连市西南路830号　,121.57069430539931,38.93480217886654
大连市中医医院,辽宁省大连市中山区解放路321号,121.6382752529811,38.90128276667656
大连市中医院,辽宁省大连市中山区解放路321号,121.6382752529811,38.90128276667656
大连医科大学附属第二医院（连医大附二院）,辽宁省大连市沙河口区中山路467号,121.56548249961165,38.88191012566014
大连医科大学附属第一医院（医大附一院）,辽宁省大连市中山路222号,121.60693511698506,38.909237246012104
丹东市第一医院,辽宁省丹东市金汤街7号,124.39143975516238,40.132750652518986
丹东市中心医院,辽宁省丹东市振兴区人民街70号,124.35080379665408,40.10036932883973
丹东市中医院,辽宁省丹东市振兴区锦山大街20号,124.38319791781879,40.127604161439244
抚顺矿务局总医院（矿总医院）,辽宁省抚顺市新抚区中央大街24号,123.9019190681793,41.85485137559578
抚顺市第二医院,辽宁省抚顺市丹东路东段61号,123.7901037995825,41.852259177055174
抚顺市中心医院,辽宁省抚顺市顺城区新城路中段5号,123.9115357538951,41.88109462396819
抚顺市中医院,辽宁省抚顺市新抚区站前街9号,123.90448438065836,41.860983708336015
阜新矿务局总医院,辽宁省阜新市海州区保健街43号,121.64645201847334,42.00515903516661
阜新矿业（集团）总医院,辽宁省阜新市海州区保健街43号,121.64659255737607,42.00660191564009
阜新市中心医院,辽宁省阜新市海州区中华路74号,121.65547359235187,42.01325385150507
葫芦岛市中心医院,葫芦岛市连山大街15号,120.85564659612659,40.759020946263604
葫芦岛市中医院（葫芦岛市医院二部）,辽宁省葫芦岛市龙港区,120.83729700753916,40.70996171603444
锦州市中心医院,辽宁省锦州市古塔区上海路二段51号,121.11978318520227,41.118568479147896
锦州医学院附属第三医院,辽宁省锦州市古塔区重庆路2段28号,121.12005885738083,41.12727958561796
锦州医学院附属第一医院,辽宁省锦州市古塔区人民街五段二号,121.12440384495726,41.13246292755865
辽河油田中心医院（油田医院）,辽宁省盘锦市兴隆台区振兴街迎宾路26号,122.07444559658387,41.12333926860518
辽宁省妇幼保健院,辽宁省沈阳市和平区砂阳路240号,123.38797623448448,41.76632204217546
辽宁省金秋医院（金秋医院）,辽宁省沈阳市沈河区小南街317号,123.44570123018669,41.772486783640204
辽宁省人民医院,辽宁省沈阳市沈河区文艺路33号,123.44715258016906,41.773606337898904
辽宁省血栓病中西医结合医疗中心沈阳市苏家屯区中医院,辽宁省沈阳市苏家屯区雪松路49号,123.32730732046895,41.66133328127148
辽宁省中医研究院,辽宁省沈阳市皇姑区黄河北大街60号,123.41108118060501,41.86071927308101
辽宁省中医院（辽宁中医药大学附属医院）,辽宁省沈阳市皇姑区北陵大街33号,123.42381093489479,41.82955943620077
辽宁省肿瘤医院,辽宁省沈阳市大东区小河沿路44号,123.46684400328836,41.79157590729956
辽宁医学院附属第三医院,辽宁省锦州市古塔区重庆路2段28号,121.12005885738083,41.12727958561796
辽宁医学院附属第一医院,辽宁省锦州市古塔区人民街五段二号,121.12440384495726,41.13246292755865
辽宁中医学院附属医院（中医附院）,辽宁省沈阳市皇姑区北陵大街33号,123.42761722097916,41.82899836083574
辽宁中医药大学附属第三医院（辽宁省肛肠医院）,辽宁省沈阳市市区十一纬路35号,123.4112552241281,41.78596198441713
辽阳市石化医院（石化医院）,辽宁省辽阳市宏伟区工农街5号,123.19367169373648,41.19157072503887
辽阳市中心医院,辽宁省辽阳市文圣区中华大街二段148号,123.19290552830437,41.268486331922865
盘锦市第二人民医院,辽宁省盘锦市双台子区红旗大街,122.04216218080934,41.18434349011141
盘锦市第一人民医院,辽宁省盘锦市惠宾大街104号,122.05265438145413,41.11522543688277
盘锦市中心医院,辽宁省盘锦市双台子区红旗大街,122.01614228447147,41.191332987499926
沈阳二四二医院,辽宁省沈阳市皇姑区乐山路3号,123.41639211357818,41.86320829843074
沈阳军区总医院,辽宁省沈阳市沈河区文化路83号,123.43443955572812,41.76740721834042
沈阳市传染病医院,辽宁省沈阳市和平区南大街85号,123.39940940846287,41.77945967392702
沈阳市第四人民医院,辽宁省沈阳市皇姑区黄河南大街20号,123.41389503960069,41.817455800016454
沈阳市第五人民医院（沈阳市肿瘤医院）,辽宁省沈阳市铁西区兴顺街188号,123.34727242828419,41.78591992430211
沈阳市儿童医院,辽宁省沈阳市崇山东路74号,123.42794026979398,41.83109748309631
沈阳市妇儿医疗保健中心（沈阳市妇儿保健中心）,辽宁省沈阳市皇姑区崇山东路74号,123.42713342488761,41.83047753867762
沈阳市红十字会医院,辽宁省沈阳市沈河区中山路389号,123.43156793049553,41.797027163851965
沈阳铁路局锦州中心医院,辽宁省锦州市凌河区重庆路2段28号,121.13450503757716,41.11551220860336
沈阳铁路局沈阳中心医院,辽宁省沈阳市和平区南七马路102号,123.3948456450095,41.77533624492266
沈阳医学院奉天医院（奉天医院）,辽宁省沈阳市铁西区南七西路5号,123.33605455176752,41.79603812976751
沈阳医学院附属第二医院,辽宁省沈阳市和平区北九马路20号,123.41137525921674,41.80070961279337
沈阳医学院附属第三医院（沈医附三院）,辽宁省沈阳市皇姑区乐山路3号,123.41639211357818,41.86320829843074
沈阳医学院沈洲医院（沈洲医院、沈阳市心血管病医院）,辽宁省沈阳市和平区北九马路20号,123.41137525921674,41.80070961279337
铁法矿务局总医院,辽宁省铁法市铁法镇44号,123.89979851274363,41.85519163207727
铁岭市中心医院,辽宁省铁岭市银州区岭东7号,123.86173738189859,42.27959941663186
营口市中心医院,辽宁省营口市站前区新立街新立里36号,122.2538345386296,40.67103363838796
中国人民解放军第463医院,辽宁省沈阳市大东区小河沿路46号,123.46935933456197,41.79169553110286
中国人民解放军第二○二医院,辽宁省沈阳市和平区光荣街5号,123.40715257731037,41.784317319870524
中国人民解放军第二Ｏ二医院,辽宁省沈阳市和平区光荣街5号,123.40715257731037,41.784317319870524
中国人民解放军第二零二医院（202医院）,辽宁省沈阳市和平区光荣街5号,123.40797235962992,41.78177892361256
中国人民解放军第二一Ｏ医院（210医院）,辽宁省大连市西岗区胜利路80号,121.60490385293474,38.902450098195544
中国人民解放军第四六三医院（463医院）,辽宁省沈阳市小河沿路46号,123.46935933456197,41.79169553110286
中国医科大学第二附属医院二部（中国医大附三院、中国医科大学第三附属医院）,辽宁省沈阳市滑翔路39号,123.35636432627459,41.77150614026432
中国医科大学第四附属医院（中国医大附四院）,辽宁省沈阳市于洪区崇山东4号,123.30207514092369,41.79168264079705
中国医科大学第一附属医院（中国医大一院）,辽宁省沈阳市和平区南京北街155号,123.40621927779847,41.79115366675841
中国医科大学附属第二医院,辽宁省沈阳市和平区三好街36号,123.42133607494789,41.77112561584353
中国医科大学附属第四医院,辽宁省沈阳市于洪区崇山东路4号,123.45543212867196,41.8315345848991
中国医科大学附属第一医院,辽宁省沈阳市和平区南京北街155号,123.40500443490723,41.79285526319605
中国医科大学附属盛京医院,辽宁省沈阳市和平区三好街36号,123.41980700179388,41.77030154128385
北华大学附属医院,吉林省吉林市解放中路12号,126.55488364261234,43.842305505946314
北华大学医学院附属医院,吉林省吉林市市船营区南京街30号,126.55511957966235,43.842407169825584
长春市儿童医院,吉林省长春市朝阳区北安路69号,125.30981353620861,43.891972533252044
长春市心理医院（长春市第六医院）,吉林省长春市北环路4596号,125.30207635294477,43.94683978854813
长春市中心医院,吉林省长春市人民大街1810号,125.24760153137579,43.86189962491121
长春医大（吉大一院）,吉林省长春市朝阳区新民大街71号,125.2953427767334,43.87391876268287
长春中医学院附属医院,吉林省长春市朝阳区工农大路20号,125.29771196086183,43.86388468370081
长春中医药大学第二附属医院（长中医二附院）,吉林省长春市南关区曙光路463号,125.32723151454586,43.87199719889754
长春中医药大学第一附属医院,吉林省长春市工农大路20号,125.2961669681583,43.86570975130441
吉化集团公司总医院,吉林省吉林市龙潭区大同路32号,126.61759006713093,43.890974920703
吉林大学第二医院（吉大二院）,吉林省长春市南关区自强街18号,125.32778404187114,43.88611584332196
吉林大学第三医院,吉林省长春市二道区仙台大街2号,125.37110098553073,43.860027203624206
吉林大学第三医院（中日联谊二部）（吉大三院）,吉林省长春市仙台大街2号,125.37110098553073,43.860027203624206
吉林大学第三医院分院（吉大三分院）,吉林省长春市开运街29号,125.2740409376529,43.864762457232466
吉林大学第四医院,吉林省长春市东风大街2643号,125.23790994450508,43.85417529923286
吉林大学第一医院,吉林省长春市朝阳区新民大街71号,125.29937480368463,43.87442086086007
吉林大学医院,吉林省长春市朝阳区新民大街71号,125.30640207203597,43.87820756725424
吉林大学中日联谊医院,吉林省长春市仙台大街126号,125.37274305327949,43.859679820196675
吉林大学中日联谊医院总部,吉林省长春市仙台大街126号,125.37274305327949,43.859679820196675
吉林省第二人民医院,吉林省长春市朝阳区湖光路1018号,125.26833961648829,43.84134422346271
吉林省吉林化学工业公司职工医院,吉林市龙潭区大同路32号,126.61871120368221,43.89202244364781
吉林省吉林中西医结合医院,吉林省长春市朝阳区工农大路43号,125.3069417548334,43.85716243229797
吉林省结核病医院,吉林省九台市文卫路49号,125.84862259608954,44.142693380906195
吉林省劳动卫生职业病防治院,吉林省长春市朝阳区建政路27号,125.30562965084484,43.88265646999074
吉林省脑科医院（吉林省神经精神病医院、吉林省第三人民医院）,吉林省四平市中央西路98号（英雄广场北侧）,124.3533764375972,43.17441442101294
吉林省人民医院（吉林省立医院）,吉林省长春市工农大街1183号,125.29247193878594,43.866368210194885
吉林省人民医院南区,吉林省长春市朝阳区南湖新村东街2号,125.29811413248792,43.838696116898156
吉林省神经精神病院,吉林省四平市铁西区中央西路98号,124.35480115194032,43.175274394239274
吉林省中医院,吉林省长春市朝阳区工农大路1478号,125.29719304593522,43.86563232706764
吉林省肿瘤医院,吉林省长春市朝阳区湖光路1018号,125.26833961648829,43.84134422346271
吉林省肿瘤医院,长春市朝阳区湖光路1018号,125.26833961648829,43.84134422346271
吉林市第二中心医院,吉林省吉林市昌邑区中兴街36号,126.56632213606831,43.86026434767353
吉林市第三人民医院,吉林省吉林市船营区长春路9号,126.5254474838063,43.82714874199518
吉林市中心医院,吉林省吉林市南京街4号,126.55782862458699,43.83980526564355
吉林医药学院附属医院（中国人民解放军第四六五医院）,吉林省吉林市丰满区华山路81号,126.5679901691287,43.8273558599958
辽源市中医院,吉林省辽源市经康路65号,125.13608586508295,42.90025185504896
沈阳铁路局吉林中心医院,吉林省吉林市市中兴街36号,126.5663772451664,43.86018638166203
通化矿务局总医院,吉林省白山市八道江区福安路26号,126.41553045640073,41.93379738418496
延边大学附属延边医院（延边医院）,中国吉林省延吉市局子街1327号,129.50394729413128,42.91163295868306
延边大学医学院附属医院,延吉市局子街119号,129.50760705968065,42.899763419955704
中国人民解放军第二0八医院（208医院）,吉林省长春市绿园区西安大路4799号,125.26163624476438,43.900459684298475
中国人民解放军第二○八医院,吉林省长春市绿园区西安大路171号,125.26006394871173,43.900384533900066
中国人民解放军第二二二医院,吉林省吉林市船营区越山路47号,126.52473455219875,43.85031941573078
大庆龙南医院,黑龙江省大庆市让胡路区龙十路,124.88868247197459,46.622332398253896
大庆市第二医院,黑龙江省大庆市红岗区解放一街29号,124.97982146971592,46.55762915622829
大庆市第三医院（大庆市精神卫生中心）,黑龙江省大庆市让胡路区西泰路54号,124.85010062925724,46.67288707212409
大庆市人民医院（哈医大附属五院）,黑龙江省大庆市开发区建设路213号,125.13457822058001,46.57791570576001
大庆市中医医院,黑龙江省大庆市友谊大街,124.9953641584539,46.62293592400935
大庆市中医院,黑龙江省大庆市友谊路35号,125.00124055877687,46.62042872072712
大庆油田总医院,黑龙江省大庆市萨尔图区中康街9号,125.0287178925901,46.595738300831194
大庆油田总医院大庆市第一医院,黑龙江省大庆市萨尔图区中康街9号,125.0306106594735,46.5963799784781
哈尔滨第二四二医院（哈尔滨第三医院）,黑龙江省哈尔滨市平房区集智街39号,126.66363846999671,45.58227457654365
哈尔滨骨伤科医院（骨伤医院）,黑龙江省哈尔滨市南岗区西大直街214号,126.61730628101316,45.7379325725101
哈尔滨市传染病医院（哈尔滨市传染病院）,黑龙江省哈尔滨市香坊区公滨路309号,126.69370230267964,45.72953680431156
哈尔滨市第二医院,黑龙江省哈尔滨市太平区卫星路38号,126.68862665497298,45.7688729354488
哈尔滨市第三医院（242医院）,黑龙江省哈尔滨市平房区卫健街3号,126.66337877294566,45.58306562610158
哈尔滨市第四医院,黑龙江省哈尔滨市道外区靖宇街119号,126.64836271571059,45.7878772438759
哈尔滨市第五医院,黑龙江省哈尔滨市动力区健康路27号,126.65097446433197,45.706880872119704
哈尔滨市第一医院,黑龙江省哈尔滨市道里区地段街151号,126.62265979302934,45.77095742411973
哈尔滨市第一专科医院,黑龙江省哈尔滨市道外区宏伟路217号,126.69378602749774,45.76961011880566
哈尔滨市儿童医院,黑龙江省哈尔滨市道里区友谊路57号,126.61892721581063,45.778409478163056
哈尔滨市肛肠医院,黑龙江省哈尔滨市道里区建国街副270号,126.59095769366851,45.74204913376724
哈尔滨市骨伤科医院,黑龙江省哈尔滨南岗区西大直街214号,126.61730628101316,45.7379325725101
哈尔滨市红十字中心医院,黑龙江省哈尔滨市道里区新阳路415号,126.59782497684094,45.74594611016596
哈尔滨市普宁医院（普宁医院）,黑龙江省哈尔滨市松北区松浦镇云台街1号,126.60463472852172,45.84650219101258
哈尔滨市心理卫生中心哈尔滨市神经精神医院（哈尔滨市神经精神医院）,黑龙江省哈尔滨市卫星路18号,126.69344294401043,45.769373149013504
哈尔滨市中医医院,黑龙江省哈尔滨市道里区建国街副270号,126.59158109609434,45.74162001701174
哈尔滨铁路中心医院,黑龙江省哈尔滨市南岗区颐园街37号,126.63077667498035,45.75985292518959
哈尔滨医科大学附属第二医院（哈医大二院）,黑龙江省哈尔滨市南岗区学府路246号,126.61097396886834,45.692573156789024
哈尔滨医科大学附属第四医院（哈医大四院）,黑龙江省哈尔滨南岗区颐园街37号,126.63045035215491,45.75990740421736
哈尔滨医科大学附属第一医院（哈医大一院）,黑龙江省哈尔滨市邮政街23号,126.64247417635717,45.76525447466426
哈尔滨医科大学附属肿瘤医院（哈医大三院）,黑龙江省哈尔滨市南岗区哈平路150号,126.63433557549435,45.69513330032631
鹤岗矿业集团总医院（鹤岗总院）,黑龙江省鹤岗市向阳区宝山路1号,130.28482513380717,47.347428078088136
黑龙江省第三医院,黑龙江省北安市交通路61号,126.49823956652075,48.245108593642314
黑龙江省第五医院,黑龙江省哈尔滨市太阳岛平原街27号,126.59268270754812,45.78466336197603
黑龙江省红十字会医院（林总医院、黑龙江省红十医院）,黑龙江省哈尔滨市动力区和兴路32号,126.62930089005339,45.72375126206628
黑龙江省红十字医院,黑龙江省哈尔滨市动力区和兴路32号,126.62928558566487,45.723427166362946
黑龙江省康复医院,黑龙江省哈尔滨市太阳岛平原街27号,126.59268270754812,45.78466336197603
黑龙江省林业总医院,黑龙江省哈尔滨市动力区和兴路32号,126.62930089005339,45.72375126206628
黑龙江省农垦总局总医院（黑龙江省肿瘤二院）,黑龙江省哈尔滨市南岗区哈双路235号,126.47696393739879,45.55746959900275
黑龙江省医院（黑龙江省中日友谊医院、哈医大六院）,黑龙江省哈尔滨市中山路82号,126.6657519277892,45.72746170380439
黑龙江省中医药大学附属第二医院,黑龙江省哈尔滨市南岗区奋斗路409号,126.63526272007348,45.76156756314329
黑龙江省中医医院,黑龙江省哈尔滨市香坊区三辅街142号,126.66824421825018,45.72934673349659
黑龙江省中医院,黑龙江省哈尔滨市香坊区三辅街142号,126.66823824989294,45.729281705513124
黑龙江中医药大学附属第二医院,黑龙江省哈尔滨市南岗区果戈里大街411号,126.63526272007348,45.76156756314329
黑龙江中医药大学附属第一医院（中医大一院）,黑龙江省哈尔滨市香坊区和平路26号,126.64609618130008,45.725043865548784
黑龙江中医药大学针灸推拿学院（中医大二院）,黑龙江省哈尔滨市南岗区果戈里大街411号,126.63574121189995,45.76032890311166
虎林市人民医院,黑龙江省鸡西市虎林市中心街100号,132.79838686579106,45.74263437880646
鸡西矿业集团总医院（鸡西市矿总院）,黑龙江省鸡西市和平北大街198号,130.9567281336516,45.2930034232971
鸡西市医集团鸡西市人民医院,黑龙江省鸡西市鸡冠区兴国中路111号,130.97645893896564,45.30057627543113
佳木斯大学第一附属医院,黑龙江省佳木斯市德祥街234号,130.35171556821564,46.80253928148308
佳木斯市结核医院（佳木斯胸科医院、佳木斯第二人民医院）,黑龙江省佳木斯市光华路37号,130.38225572492271,46.78260853699436
佳木斯市中心医院,黑龙江省佳木斯市中山街256号,130.3585480996555,46.8089717993125
佳木斯市中医院,黑龙江省佳木斯市前进区中山路43号,130.35680027120563,46.815039421427564
牡丹江市第一人民医院,黑龙江省牡丹江市爱民区建卫路4号,129.59043831431785,44.5954887173361
牡丹江市第一医院,黑龙江省牡丹江市爱民区建卫路4号,129.59043831431785,44.5954887173361
牡丹江市中医院（牡丹江市中西医结合医院）,黑龙江省牡丹江市西长安街4号,129.61148504028122,44.57632252458032
牡丹江心血管医院,黑龙江省海林市爱民区海林公路5号,129.5667671487539,44.57546145376824
牡丹江医学院附属医院,黑龙江省牡丹江市爱民区通乡路6号,129.50962222689495,44.6806555971313
齐齐哈尔第一医院,黑龙江省齐齐哈尔市龙沙区,123.9437482214206,47.34481939990719
齐齐哈尔市第二医院,黑龙江省齐齐哈尔市建华区中华西路38号,123.94731163800543,47.353998575239295
齐齐哈尔市第一医院,黑龙江省齐齐哈尔市龙沙区公园路20号,123.9437482214206,47.34481939990719
齐齐哈尔市中医院,黑龙江省齐齐哈尔市铁锋区平安南街140号,123.96563847396185,47.33362698001378
齐齐哈尔铁路中心医院,黑龙江省齐齐哈尔市铁锋区太顺街27号,123.9875435352087,47.34598330753594
齐齐哈尔医学院第二附属医院,黑龙江省齐齐哈尔建华区中华西路39号,123.9447987062747,47.35393335278028
齐齐哈尔医学院第三附属医院,黑龙江省齐齐哈尔市铁锋区太顺街27号,123.9869022921349,47.34410091645748
齐齐哈尔医学院第一附属医院,黑龙江省齐齐哈尔市富拉尔基区向阳大街26号,123.64209956412012,47.19715689818987
齐齐哈尔中医院,黑龙江省齐齐哈尔市铁锋区平安南路36号,123.96563847396185,47.33362698001378
绥化市第一医院,黑龙江省绥化市北二东路43号,126.99367842779405,46.63813111258433
协育友好医院,黑龙江省齐齐哈尔市建华区中华西路38号,123.94666504204409,47.35370365493124
中国人民解放军第二○三医院,黑龙江省齐齐哈尔建华区建设大街59号,123.97595183729699,47.34132470349413
中国人民解放军第二一一医院（211医院）,黑龙江省哈尔滨市南岗区学府路45号,126.60623801511653,45.70828185924106
第二军医大学附属长海医院（上海长海医院）,上海杨浦区长海路168号,121.52401627620647,31.31071388118637
复旦大学附属儿科医院,枫林路门诊部:上海市徐汇区医学院路130号（枫林路口）;万源路门诊部:上海市闵行区万源路399号（新院）,121.4494011492905,31.20060001095655
复旦大学附属儿科医院徐汇院区（复旦儿科徐汇院区）,门诊部：上海市徐汇区医学院路130号（枫林路口）；闵行区万源路399号,121.4494011492905,31.20060001095655
复旦大学附属妇产科医院（上海市红房子妇产科医院、上海市红十字会妇产科医院）,上海市黄浦院区：上海市方斜路419号；杨浦院区：沈阳路128号；门诊部：方斜路566号；产科楼：大林路358号,121.4786480063896,31.216296181715595
复旦大学附属华东医院（上海华东医院）,上海市静安区延安西路221号,121.43680874872422,31.220289962271902
复旦大学附属华山医院（华山医院）,上海市乌鲁木齐中路12号,121.43893524060417,31.218304963763124
复旦大学附属眼耳鼻喉科医院（上海市五官科医院）,总部：上海市徐汇区汾阳路83号；宝庆路分部：宝庆路19号；浦东分院：耀华路389号,121.44878144936719,31.21170346208312
复旦大学附属中山医院（上海中山医院）,上海市徐汇区枫林路180号(住院部)；医学院路111号(门诊部),121.45029634851002,31.199412752281646
复旦大学附属肿瘤医院（上海市肿瘤医院、上海市红十字肿瘤医院）,上海市徐汇区东安路270号,121.4489788437488,31.193009669391692
上海长征医院,上海市黄浦区凤阳路415号,121.4627763911111,31.234026515394472
上海第一人民医院宝山分院（吴淞中心医院）,上海市宝山区同泰北路101号（牡丹江路216号）,121.49432876817748,31.381665498664567
上海东方肝胆医院（东方肝胆外科医院、上海第二军医大学附属东方肝胆外科医院）,上海市长海路225号,121.52473705060719,31.31187504982647
上海东方医院（同济大学附属东方医院）,上海浦东新区即墨路150号,121.5078806897716,31.23971761631529
上海儿童医学中心（上海交通大学医学院附属上海儿童医学中心）,上海市东方路1678号,121.51838822900535,31.207816304374155
上海华东医院闵行门诊部,上海市闵行区春申路2869号（近莲花南路，与大润发春申店相邻）,121.4022221752261,31.109469495686525
上海交通大学附属第六人民医院（上海市第六人民医院）,上海市宜山路600号,121.41783371891192,31.180946146293227
上海交通大学附属瑞金医院（上海瑞金医院、上海市瑞金红十字会医院）,总院：上海市瑞金二路197号（永嘉路口）；分院：上海市徐家汇路573号,121.46156706985406,31.213557305972465
上海交通大学附属胸科医院（上海市胸科医院）,上海市淮海西路241号,121.42058714829801,31.199533179145657
上海交通大学医学院附属第九人民医院（上海市第九人民医院）,上海市制造局路639号,121.48193936079079,31.204289012101423
上海交通大学医学院附属仁济医院（上海仁济医院）,上海市山东中路145号(西)；上海市东方路1630号(东),121.48004293004105,31.235592368889144
上海交通大学医学院附属新华医院（上海新华医院）,上海市杨浦控江路1665号,121.51319478055086,31.275374649531038
上海仁济医院（东部）（仁济医院东部）,上海市东方路1630号,121.51850487817465,31.20890968661708
上海市第十人民医院（同济大学附属第十人民医院）,上海市延长中路301号,121.44908479018174,31.273610369467985
上海市第一妇婴保健院（第一妇婴保健院）,浦西总院：上海市静安区长乐路536号(近陕西南路)；浦东分院：上海市浦东新区耀华路391号(近长清路),121.45165795871726,31.22184643725037
上海市第一人民医院（上海交通大学附属第一人民医院、上海市红十字会医院）,上海市虹口区海宁路100号（北部）；松江区新松江路650号（南部）,121.48505699394461,31.254619462870327
上海市儿童医院,上海市北京西路1400弄24号,121.44359444614945,31.230810238431104
上海市公共卫生临床中心（复旦大学附属公共卫生临床中心）,上海市金山区漕廊公路2901号（紧邻A4高速公路亭卫公路出口处）,121.33523015657887,30.791567116210125
上海市精神卫生中心,总院：上海市徐汇区宛平南路600号；分院：上海市闵行区沪闵路3210号,121.44453861510645,31.189714243695175
上海市皮肤病性病医院,上海市武夷路196号,121.44011910523294,31.317538442508464
上海市同济医院（同济大学附属同济医院）,上海市普陀区新村路389号,121.42648731866439,31.268480336794312
上海市眼病防治中心,上海市康定路380号,121.44423843946286,31.237122356127074
上海市中医医院（上海中医药大学附属市中医医院）,上海市闸北区芷江中路274号（总院）；石门一路67弄1号（门诊部）,121.46662666449922,31.261546312374712
上海远大心胸医院,上海市徐汇区龙漕路218号,121.43780348587431,31.171448475836286
上海中医药大学附属龙华医院（上海龙华医院）,上海市宛平南路725号,121.44583765702981,31.189986771065726
上海中医药大学附属曙光医院（上海曙光医院）,"上海市卢湾区普安路185号（西院）,上海市浦东张江高科技园区张衡路528号（东院）",121.47378197615173,31.224930769749744
同济大学附属肺科医院（上海市职业病医院、上海市肺科医院）,上海市杨浦区政民路507号,121.49759646088343,31.30410955562903
同济大学附属口腔医院（同济口腔医院）,上海市延长中路399号,121.44823788164157,31.273099491655675
武警上海市总队医院（武警上海总医院）,上海市虹许路831号(延安西路口),121.38329990906783,31.194612977235884
岳阳医院（上海中医药大学附属岳阳中西医结合医院）,总院:上海市虹口区甘河路110号；分院:青海路44号,121.48375465458662,31.291034585300512
中国福利会国际和平妇幼保健院（上海交通大学附属国际和平妇幼保健院、国际和平妇幼保健院）,上海市徐汇区北部衡山路910号,121.43407845763618,31.1983511071633
中国人民解放军第八五医院（上海85医院）,上海市华山路1328号,121.42785762320739,31.211419787235794
中国人民解放军第四五五医院（上海455医院）,上海长宁区淮海西路338号,121.42297715448952,31.20227088877953
中国人民解放军第四一一医院（解放军411医院、四一一医院、上海411医院）,上海市虹口区东江湾路15号（靠近鲁迅公园，虹口足球场，多伦路文化街）,121.47617369222678,31.267029641226294
常州市第三人民医院,江苏省常州市兰陵北路300号,119.93868931546918,31.752634972895315
常州市第一人民医院,江苏省常州市天宁区局前街185号,119.95633141078973,31.781828285646075
常州市妇幼保健医院（常州市第五医院、常州市第五人民医院）,江苏省常州市博爱路26号,119.96204845074291,31.786235952900284
常州市妇幼保健院,江苏省常州市天宁区博爱路16号,119.96196944033154,31.785775568121103
常州市中医医院,江苏省常州市和平南路156号,119.96008608532898,31.775180893030935
常州市中医院,江苏省常州市天宁区和平南路156号,119.96008608532898,31.775180893030935
常州市肿瘤医院,江苏省常州市怀德北路1号,119.9389905960938,31.78218333320849
第二军医大学长征医院南京分院（长征医院分院）,江苏省南京市下关区建宁路200号,118.74436122926924,32.09392320684796
东南大学附属中大医院（中大医院、南京铁道医学院附属医院）,江苏省南京市丁家桥87号,118.77102909133603,32.074495284785236
江苏大学附属医院（江滨医院）,江苏省镇江市解放路438号,119.44933918495093,32.21522154490036
江苏省第二中医院（江苏省第二红十中医院）,江苏省南京市建邺区南湖路23号,118.75044407650726,32.02460712265481
江苏省妇幼卫生保健中心,江苏省南京市东江北路368号,118.79081480369892,32.06037417801039
江苏省口腔医院（南京医科大学口腔医学院、南京医科大学附属口腔医院、江苏省红十字口腔医院）,江苏省南京市鼓楼区汉中路136号,118.77079425088031,32.04506637178166
江苏省人民医院（江苏省人民医）,江苏省南京市广州路300号,118.7618610816357,32.0512818111442
江苏省苏北人民医院（扬大附院）,江苏省扬州市广陵区南通西路98号,119.4260398053314,32.38738918718706
江苏省中西医结合医院（江苏省中医药研究院）,江苏省南京市迈皋桥十字街100号,118.80579004070916,32.101582009405995
江苏省中医院,江苏省南京市汉中路155号,118.76866909906762,32.04307166740096
江苏省肿瘤医院,江苏省南京市白子亭42号,118.78095042914181,32.07068940382131
连云港市第一人民医院,江苏省连云港市新浦区通灌北路182号,119.17685195609607,34.60727042193907
南京妇幼保健院,江苏省南京市建邺区天妃巷123号,118.77155378321301,32.042233961113766
南京鼓楼医院（鼓楼医院）,江苏省南京市中山路321号,118.77793618854896,32.058276789730485
南京军区南京总医院（南军总医院）,江苏省南京市中山东路305号南京军区南京总医院,118.80358549165207,32.04381102730273
南京脑科医院,江苏省南京市广州路264号,118.76353659170219,32.05229498964312
南京市第二医院（南京市钟阜医院）,江苏省南京市鼓楼区钟阜路1-1号,118.76301027553623,32.09092542530625
南京市第一医院,江苏省南京秦淮区长乐路68号,118.77911398564498,32.019457118677586
南京市儿童医院（南京医科大学附属南京儿童医院、江苏省红十字儿童医院）,江苏省南京市广州路72号,118.77417516075374,32.05283762892182
南京市妇幼保健院,江苏省南京市莫愁路天妃巷123号,118.77155378321301,32.042233961113766
南京市鼓楼医院,江苏省南京市中山路321号,118.77793618854896,32.058276789730485
南京市脑科医院,江苏省南京市广州路264号,118.76353659170219,32.05229498964312
南京市胸科医院,江苏省南京市鼓楼区广州路215号,118.76399326793097,32.049261920149696
南京市中医院,江苏省南京市金陵路1号,118.78493659843993,32.02463587579584
南京市肿瘤医院,江苏省南京鼓楼区钟阜路1-1号,118.76529797933858,32.09114550480417
南京医科大学附属脑科医院,江苏省南京市鼓楼区广州路264号,118.76353659170219,32.05229498964312
南通大学附属医院,江苏省南通市崇川区西寺路20号,120.86124920439005,32.01026989757648
南通大学院附属医院（南通大学医院）,江苏省南通市西寺路20号,120.86610185691703,32.01122468997828
南通市第一人民医院（南通大学医学院第二附属医院）,江苏省南通市崇川区孩儿巷北路6号,120.84669836149641,32.01949262068156
南通市中医院,江苏省南通市崇川区建设路41号,120.86201989423516,32.022400425550806
南通市肿瘤医院北院（肿瘤医院北院）,江苏省南通市平潮镇通扬北路30号,120.74580569148313,32.10519480314191
南通市肿瘤医院南院（肿瘤医院南院）,北院地址：南通市通州区平潮镇通扬北路30号；南院地址：南通市青年西路48号,120.74419582959365,32.104493468169636
南通医学院附属医院,江苏省南通市西寺路20号,120.86124920439005,32.01026989757648
南通中医院,江苏省南通市崇川区建设路41号,120.86201989423516,32.022400425550806
苏州大学附属第二医院（苏大二附院）,江苏省苏州市三香路1055号,120.57899804238534,31.298734534264753
苏州大学附属第一医院（苏大一附院、苏州市第一人民医院）,江苏省苏州市十梓街188号,120.62992985271809,31.306317534718783
苏州大学附属儿童医院,江苏省苏州市景德路303号,120.60871563191148,31.311299955447854
苏州第一人民医院,江苏省苏州市十梓街188号,120.62992985271809,31.306317534718783
苏州市第四人民医院,江苏省苏州市白塔西路16号,120.62201803002348,31.320507770857986
苏州市眼视光医院,江苏省苏州市沧浪区书院巷18号,120.61856647370855,31.300133705254297
苏州市中医医院,江苏省苏州市景德路314号,120.60745731182807,31.312094218242034
苏州市中医院,江苏省苏州市金阊区景德路314号,120.5934462295197,31.271088853611964
宿迁市中医院,江苏省宿迁市宿豫区衡山路1号,118.32328640235491,33.95432696514929
泰州市中医院,江苏省泰州市邑庙街24号,119.91936789237725,32.492998761920376
无锡市第二人民医院（南京医科大学附属无锡第二医院）,江苏省无锡市崇安区中山路68号,120.30150119267824,31.571154167336864
无锡市第三人民医院（南通大学第三附属医院）,江苏无锡市兴源北路585号,120.29177701227465,31.59424795438933
无锡市第一人民医院（南京医科大学附属无锡第一医院、无锡市儿童医院）,江苏省无锡市清扬路299号,120.3173789995135,31.54104871766805
无锡市妇幼保健院,江苏省无锡市崇安区槐树巷48号,120.30228299243446,31.573672058876507
无锡市精神卫生中心,江苏省无锡市钱荣路156号,120.22805303802498,31.59370803280657
无锡市人民医院,江苏省无锡市清扬路299号（金城路与清扬路交界东南隅）,120.31800301869247,31.542610326752083
无锡市中西医结合医院,江苏省无锡市通惠东路320号,120.29177701227465,31.59424795438933
无锡市中医院,江苏省无锡市崇安区后西溪33号,120.2933613105771,31.575085821185862
徐州市儿童医院,江苏省徐州市苏堤北路18号,117.1620242009066,34.26734543419201
徐州市中心医院（徐州市第四医院）,江苏省徐州市解放南路199号,117.18950972070995,34.243156451663424
徐州市中医院,江苏省徐州市中山南路169号,117.18139393128047,34.25409103094911
徐州医学院附属第三医院（徐医附三院）,江苏省徐州市复兴南路388号,117.19975633252616,34.249111251860285
徐州医学院附属医院,江苏省徐州市淮海西路,117.17282184814208,34.264295430763525
扬州市第一人民医院（东南大学附属扬州医院）,江苏省扬州市泰州路45号,119.44679297646623,32.39647075311114
扬州市中医院,江苏省扬州市文昌中路575 、577 号,119.44546388611035,32.39071614983796
镇江市第四人民医院（江苏大学医学院附属东方医院）,江苏省镇江市正东路20号,119.45409163123034,32.20388343164156
中国人民解放军第97医院（淮海医院、解放军97医院）,江苏徐州市铜山路226号,117.21538530526978,34.26565070537556
中国人民解放军第八二医院,江苏省淮安市清河区健康东路100号,119.02158325091057,33.6099480190601
中国人民解放军第八十一医院,江苏省南京杨公井34标34号,118.78927026033614,32.03709874246849
中国人民解放军第八一医院（81医院）,江苏省南京杨公井34标34号,118.78927026033614,32.03709874246849
中国人民解放军第九七医院（徐州医学院附属淮海医院）,江苏省徐州市铜山路226号,117.21538530526978,34.26565070537556
中国人民解放军第四五四医院（454医院、南京市君协医院）,江苏省南京市白下区马路街1号（市委党校旁）,118.79296478927951,32.03162386001288
中国人民解放军第一0二医院（102医院）,江苏省常州市天宁区和平北路55号,119.9627256278739,31.781772825064227
中国医学科学院皮肤病医院（中科院皮肤病院）,江苏省南京市太平门外蒋王庙街12号,118.82221123475993,32.08304079329897
杭州市第六人民医院,浙江省杭州市下城区文晖路201号,120.1639183489123,30.287688842765363
杭州市第七人民医院杭州市精神病院,浙江省杭州市天目山路305号,120.10852681375843,30.272303181209857
杭州市第一人民医院,浙江省杭州市浣纱路261号,120.16210592943685,30.25736190699103
杭州市红十字会医院,浙江省杭州市环城东路208,120.18251967021773,30.268314204993217
杭州市中医院,浙江省杭州市体育场路453号,120.14978243547385,30.271706789761286
湖州市第三人民医院,浙江省湖州市公园路255号,120.09979498288803,30.873210964059048
湖州市第三人民医院湖州市精神病院,浙江省湖州市公园路255号,120.09352483863601,30.87074123951771
湖州市中心医院（湖州市第二人民医院）,浙江省湖州市红旗路198号,120.09102004029133,30.86752706386301
金华市中心医院,浙江省金华市明月路351号,119.94998499888203,29.23388917347552
金华市中医院,浙江省金华市双溪西路439号,119.6373844617157,29.089647817469206
丽水市中心医院,浙江省丽水市括苍路289号,119.90301030812535,28.45342680411563
宁波光明眼科医院,浙江省宁波市江北区槐树路52号,121.55129163498216,29.883136111480365
宁波市第一医院,浙江省宁波市柳汀街59号,121.5427410672643,29.870104068519872
宁波市医疗中心李惠利医院（李惠利医院）,浙江省宁波市江东区兴宁路57号,121.55753339088592,29.856840730790754
瑞安市人民医院温州医学院附属第三医院,浙江省温州市瑞安市万松路108号,120.63233376951398,27.785887028016795
绍兴市人民医院,浙江省绍兴市市区中兴北路568号（昌安环岛西南侧）,120.58888563698875,30.024684434966172
台州医院,浙江省临海市西门街150号（ 临海院区），浙江省台州市路桥区下里桥西路1号 （路桥院区）,121.10950685878943,28.849213727688557
温州心血管病医院,浙江省温州市划龙桥路306号,120.64758097755298,28.04186525286113
温州医学院附属第二医院（温医二院）,浙江省温州市学院西路109号,120.66812504193526,28.009474368524113
温州医学院附属第一医院（温医一院）,浙江省温州市府学巷2号,120.69145125147719,27.942843747251594
温州医学院附属眼视光医院（浙江省眼科医院）,浙江省温州市学院西路270号,120.66788134842945,28.010737448736513
温州医学院附属眼视光医院浙江省眼视光医院,浙江省温州市学院西路82号,120.66788134842945,28.010737448736513
浙江大学医学院附属第二医院（浙医二院、浙江省第二医院）,浙江省杭州市上城区解放路68号,120.17262001880708,30.25340744353552
浙江大学医学院附属第一医院（浙江省第一医院）,浙江省杭州市庆春路261号,120.17308890819464,30.25833710196228
浙江大学医学院附属儿童医院（浙大儿童医院、浙江省儿童医院、浙江省儿童保健院）,浙江省杭州市下城区竹竿巷57号,120.16110058093938,30.26284814196681
浙江大学医学院附属妇产科医院（浙江省妇女保健院、浙江省妇女医院）,浙江省杭州市学士路1号,120.163707781157,30.259009696441243
浙江大学医学院附属邵逸夫医院（邵逸夫医院）,浙江省杭州市庆春东路3号,120.1974713695209,30.259050409483255
浙江省立同德医院（同德医院）,浙江省杭州市古翠路234号,120.11587739077936,30.286422701727258
浙江省人民医院,浙江省杭州市上塘路158号,120.1639183489123,30.287688842765363
浙江省台州医院,临海市西门街150号,121.10194246039165,28.845534530417815
浙江省新华医院（浙江中医药大学附属第二医院）,浙江省杭州市潮王路318号,120.14364252645827,30.287198793249953
浙江省中医医院,浙江省杭州市上城区邮电路54号,120.16106816565734,30.25485176221483
浙江省中医院,浙江省杭州市邮电路54号,120.16106816565734,30.25485176221483
浙江省肿瘤医院,浙江省杭州市半山桥广济路38号,120.18661529806845,30.355069726924697
浙江省肿瘤医院浙江中医药大学附属肿瘤医院,浙江省杭州市半山桥广济路38号,120.18661529806845,30.355069726924697
浙江医科大学附属第二医院,浙江省杭州市上城区解放路68号,120.17601388616171,30.252776201339763
浙江医科大学附属第一医院,浙江省杭州市庆春路79号,120.17308890819464,30.25833710196228
浙江医科大学附属妇产科医院,浙江省杭州市上城区学士路2号,120.16366062476031,30.257936366036414
浙江医院,浙江省杭州市西湖区灵隐路12号,120.1200586321149,30.25144310944413
浙江中医药大学附属广兴医院,浙江省杭州体育场路453号,120.14935366539846,30.272195085326583
浙江中医院大学附属第一医院浙江省中医院,浙江省杭州市邮电路54号,120.16106816565734,30.25485176221483
浙江中医院大学附属中西医结合医院,浙江省杭州市下城区环城东路208号,120.18311889514786,30.26911017073523
浙医附属邵逸夫医院,浙江省杭州市江干区庆春东路3号,120.1974713695209,30.259050409483255
中国人民解放军第一一七医院（杭州空军医院）,浙江省杭州市灵隐路14号,120.11365842372801,30.24788104917443
中国人民解放军第一一三医院（113医院）,浙江省宁波市中山路377号,121.56244067920989,29.872368800160462
安徽省精神卫生防治中心,安徽省合肥市黄山路316号,117.25769029450775,31.84508694074387
安徽省立医院,安徽省合肥市庐江路17号,117.28480445283965,31.860036706429636
安徽省中医院,东大门位于合肥市梅山路117号，西大门位于合肥市肥西路78号,117.25612870234245,31.85577150429464
安徽省肿瘤医院,安徽省蚌埠市长淮路287号,117.3680684433023,32.954023633779556
安徽医科大学第二附属医院（医科大二附院）,安徽省合肥市经济技术开发区芙蓉路678号,117.20602481521362,31.79232699948462
安徽医科大学第一附属医院,安徽省合肥市绩溪路218号,117.26260213995431,31.849634521801274
安徽中医学院第二附属医院安徽中医学院附属针灸医院,安徽省合肥市六安路205号,117.27560781616785,31.87137305951408
安徽中医学院第一附属医院,安徽省合肥市梅山路117号,117.25550275212511,31.856034366507913
安庆市立医院（安庆医院）,安徽省安庆市人民路352号,117.04440355628265,30.50707770267269
蚌埠市第三人民医院,安徽省蚌埠市胜利中路38号,117.3611516427224,32.940325645089395
巢湖市第一人民医院,安徽省巢湖市巢湖北路64号,117.8681743129271,31.617390263697263
池州市人民医院,安徽省池州市百牙中路3号,117.48395414349586,30.66822222186576
滁州市第一人民医院,安徽省滁州市鼓楼忠佑街4号,118.29537146739366,32.31676143750881
阜阳市人民医院（阜阳地区人民医院）,安徽省阜阳市古楼区鹿祠街63号,115.80384884857108,32.901823761108275
阜阳市中医院,安徽省阜阳市人民西路26号,115.80000576388836,32.90933153018086
合肥市第二人民医院,安徽省合肥市和平路246号,117.3128021507198,31.858560384982084
合肥市第四人民医院,安徽省合肥市黄山路316号,117.258081687674,31.84587406285859
合肥市第一人民医院（合肥红十字会博恩医院、安徽医科大学第三附属学院）,安徽省合肥市淮河路390号,117.27467688669292,31.869650206740612
合肥市红十字会眼科医院,安徽省合肥市徽州大道689号（原美菱大道157号）,117.32646149734559,31.856523990488224
淮北市人民医院,安徽省淮北市淮海西路66号,116.78193919860568,33.97591191516845
黄山市人民医院,安徽省黄山市屯溪区栗园路4号,118.31053176629362,29.711049708110494
六安市人民医院,安徽省六安市皖西西路21号,115.8709263377339,31.692668034402175
六安市中医院,安徽省六安市人民路76号,116.50307168138873,31.759283997762463
铜陵市皮肤病防治所（皮肤病防治所）,安徽省铜陵市义安大道北段835号,117.81183261342808,30.934142915725722
铜陵市人民医院,中国安徽省铜陵市笔架山路468号,117.81724637107888,30.92094925829112
皖南医学院附属医院,安徽省芜湖市矶山西路92号,118.36704414353967,31.343637937712828
皖南医学院弋矶山医院（弋矶山医院）,安徽省芜湖市赭山西路92号,118.35255209357668,31.35271668068843
芜湖市第二人民医院,安徽省芜湖市九华山中路263号,118.37586984699175,31.353410595317747
芜湖市第三人民医院,安徽省芜湖市棠梅路190号,118.39904599751446,31.3274419061602
芜湖市镜湖区医院（镜湖区医院）,安徽省芜湖市镜湖区环城西路19号,118.37407706433484,31.32486141948369
芜湖市中医医院,安徽省芜湖市镜湖区九华中路240号,118.37508422921097,31.333173680722048
芜湖市中医院,安徽省芜湖市镜湖区九华山路188号,118.37104050521465,31.32482475786131
武警安徽省总队医院,安徽省合肥市长丰路78号,117.25341504771103,31.87654438096255
歙县妇幼保健所,安徽省黄山市歙县小北街30号,118.43091329194483,29.870031184417083
中国人民解放军第一○五医院,安徽省合肥长江西路424号,117.24217764171335,31.854203899173346
中国人民武装警察部队安徽省总队医院,安徽省合肥市长丰路78号,117.25341504771103,31.87654438096255
马鞍山市中心医院（马钢医院）,马鞍山市湖东北路27号,118.50645625519046,31.71004967575184
马鞍山市人民医院,安徽省马鞍山市湖北路45号,118.57479057300093,31.700578916415576
福建省福州肺科医院,福建省福州市仓山区湖边2号,119.29159907290216,26.02922040522826
福建省妇幼保健院（福建省妇儿医院）,福建省福州市鼓楼区道山路18号,119.29467181169805,26.081938664538924
福建省立医院,福建省福州市东街134号,119.30187111904847,26.090942180373506
福建省人民医院,福建省福州市817中路602号（洋头口立交桥旁吉祥山）,119.2997312525533,26.064572436063813
福建省漳州市医院,福建省漳州市芗城区胜利西路59号,117.64168461493612,24.51578055429892
福建省中医学院附属第二人民医院（福建省中医二附院）,福建省福州市湖东支路13号,119.30018963634053,26.097775567972988
福建省肿瘤医院,福建省福州市福马路凤板马路顶91号,119.33839213547559,26.07864777886742
福建医科大学附属第二医院（福医二院）,福建省泉州市鲤城区中山北路34号,118.58793018212577,24.916607299670595
福建医科大学附属第一医院（医科大一附院）,福建省福州市台江区茶中路20号,119.29708736502961,26.07300498748981
福建医科大学附属协和医院（福州市协和医院）,福建省福州市新权路29号,119.29927932172613,26.081006660568047
福建中医学院附属人民医院,福建省福州市台江区八一七中路602号,119.2997312525533,26.064572436063813
福州肺科医院,福建省福州市仓山区福湾路2号,119.29159907290216,26.02922040522826
福州市传染病医院,福建省福州市鼓楼区西洪路312号,119.27421781665394,26.087464532142842
福州市第二医院,福建省福州市仓山区上藤路47号,119.31524335021547,26.049353218403855
福州市第二医院二部,福建省福州市六一南路88号,119.31642729021885,26.047682413632224
福州市第四医院（福建省精神卫生中心、福州市神经精神病防治院）,福建省福州市仓山区福湾路塘池街52号,119.28446134089245,26.029382339786505
福州市结核病防治院,福建省福州市仓山区湖边2号,119.29159907290216,26.02922040522826
福州中西结合医院（中西结合医院）,福建省福州市仓山区上藤路47号,119.31402778288462,26.04888065161821
解放军第180医院（180医院）,福建省泉州市丰泽区北门外清源山下,118.59399224998025,24.942240388481775
龙岩市第一医院,福建龙岩新罗区九一北路105号,117.02433833810916,25.101252272493262
泉州市第一医院,福建省泉州市鲤城区东街248-252号,118.59336863316986,24.915512413685644
三明市第一医院,福建省三明市梅列区列东街东新一路29号,117.63157594208955,26.264904635151424
厦门大学附属中山医院,福建省厦门市湖滨南路201-209号,118.09268156072217,24.47419271008121
厦门市第一医院,福建省厦门市思明区镇海路55号,118.08315741687181,24.453866081786305
厦门市妇幼保健院,福建省厦门思明区市镇海路10号,118.07668786862915,24.4529280406703
厦门眼科中心,福建省厦门市厦禾路336号,118.07583140760522,24.462523100985
厦门眼科中心医院,福建省厦门市厦禾路238号,118.07111850583615,24.456108964224235
中国人民解放军第一七五医院,福建漳州华中路269号,117.66545190225887,24.52650714565259
中国人民解放军南京军区福州总医院（九三医院）,福建省福州市西二环北路156号,119.27549102441944,26.093650382511846
抚州市第一医院（抚州地区人民医院）,江西省抚州市临川区赣东大道421号,116.327511105556,27.96638278944132
赣南医学院第一附属医院,青年路23号,114.9280674434787,25.858718647887986
赣南医学院附院,江西省赣州市章贡区青年路49号,114.9292890552152,25.8627128208435
赣州市妇幼保健院（赣州市妇女儿童医院）,江西省赣州市大公路122号,114.93642564097657,25.860021145692368
赣州市立医院,江西省赣州市章贡区大公路69号,114.94018372416029,25.858044104667403
赣州市人民医院（赣州地区人民医院）,江西省赣州市章贡区红旗大道17号,114.94601632762843,25.851321069509662
吉安市中心人民医院,江西省吉安市井冈山大道106号,114.97924628947702,27.112094321792345
江西仁济医院南昌三三四医院（334医院、仁济医院）,江西省南昌市青云谱区新溪桥东二路,115.92299589510398,28.645167990112867
江西省肺科医院,江西省南昌市叠山路346号,115.88720367408196,28.687794045524452
江西省人民医院,江西省南昌市东湖区爱国路152号,115.8839413325586,28.696262938344088
江西省胸科医院（江西省第三人民医院）,江西省南昌市叠山路346号,115.88714099668387,28.687846757552386
江西省中医院,江西省南昌市八一大道445号,115.89949797876699,28.6861406733636
江西省肿瘤医院（江西省第二人民医院）,江西省南昌市北京东路519号,115.94896406297303,28.679110451368
江西医学院第二附属医院,江西省南昌市民德路1号,115.89717737445956,28.685823561440138
江西医学院第一附属医院,江西省南昌市永外正街17号,115.9056248274704,28.689866735792037
江西医学院附属口腔医院,江西省南昌市福州路49号,115.90095906503267,28.686062771359012
江西中医学院附属医院,江西省南昌市八一大道445号,115.89413192501866,28.690932432339576
江西中医学院附属医院江西省中医院,江西省南昌市八一大道445号,115.89949797876699,28.6861406733636
九江市第一人民医院（九江市生命活水医院）,江西省九江市浔阳区塔岭南路48号,115.99166994603223,29.72259930510343
九江市第一医院,江西省九江市塔岭南路48号,115.99166994603223,29.72259930510343
九江市中医院,江西省九江市庐山区庐山南路261号,115.99114045698732,29.71136514560608
九江学院附属医院,江西省九江市浔阳东路57号（东院），九江市湓浦路284号（西院）,115.99480871307676,29.725714894671718
九江学院附属医院西院,江西省九江市湓浦路284号,115.97793920021606,29.725436617158806
南昌大学第二附属医院（南昌大二附院）,江西省南昌市民德路1号,115.89717737445956,28.685823561440138
南昌大学第一附属医院,江西省南昌市东湖区永外正街17号,115.9056248274704,28.689866735792037
南昌大学附属第四医院（南昌大四附院）,江西省南昌市西湖区广场南路133号,115.90447227130328,28.669767114052554
南昌大学附属口腔医院（江西省口腔医院）,江西省南昌市福州路49号,115.90095906503267,28.686062771359012
南昌市第二医院,江西省南昌市八一大道90号(老福山),115.90178206929235,28.66790702610205
南昌市第三医院,江西省南昌市西湖区象山南路2号,115.89171069717754,28.665071454857355
南昌市第一医院（南昌大学第三附属医院、江西医学院第三附属医院）,江西省南昌市东湖区象山北路128号,115.8851056526316,28.68260014221506
萍乡市妇幼保健院（萍乡市妇女儿童医院）,江西省萍乡市跃进南路145号,113.84436269432699,27.627038154355823
萍乡市人民医院,江西省萍乡市安源区广场路128号,113.8474227191266,27.625012403541884
新余市人民医院,江西省新余市渝水区团结西路106号,114.93102320708299,27.800997365739093
宜春市人民医院,江西省宜春市袁州区中山西路88号,114.37064869810233,27.803543887129578
中国人民解放军第九四医院,江西省南昌市井冈山大道1028号（坛子口）,115.90477268262006,28.653993324167786
滨州市人民医院,山东省滨州市黄河七路515号,117.97022191630568,37.385182315426036
滨州医学院附属医院（滨州医附院）,山东省滨州市黄河二路661号,118.00585380956808,37.37102102351306
德州市结核病防治所（德州市肿瘤医院）,山东省德州市铁西南路健康路17号,116.27680864553268,37.4316528919706
德州市人民医院,山东省德州市德城区三八路1号,116.29993970478517,37.450505384200675
东营市中心医院,山东省东营市东营区济南路38号,118.50913453951587,37.46387995675542
菏泽市中医医院,山东省菏泽市牡丹区丹阳路128号,115.49683425648985,35.23867585316951
菏泽市中医院,山东省菏泽市牡丹区丹阳路1036号,115.47658766822987,35.24029722450649
济南第一藏医院,山东省济南市历山东路15号,117.0446409172119,36.666298969091976
济南军区总医院,山东省济南市天桥区师范路25号,116.97721308352241,36.69703930143971
济南施尔明眼科医院,英雄山路48号,116.9925592232752,36.631253299605724
济南市第四人民医院（泰山医学院第二附属医院）,山东省济南市天桥区师范路50号,116.97383112553055,36.69443319100211
济南市儿童医院,山东省济南市槐荫区经十路23976号,116.95778066237499,36.647997768665626
济南市妇幼保健院,山东省济南市建国小经三路2号,116.9986655000312,36.65306961600793
济南市历城区人民医院,山东省济南市历城区仲宫镇宏福路2号,117.02199800370938,36.49828306038001
济南市一○六医院（济南亿仁肿瘤医院）,山东省济南市腊山路8号,116.92131313598767,36.63572574126061
济南市中心医院,山东省济南市解放路105号,117.04161306655679,36.6669568760766
济南市中医医院,山东省济南市共青团路76号,117.00358986022222,36.66201303271651
济南市中医院,山东省济南市共青团路76号,117.00358986022222,36.66201303271651
济南铁路局济南铁路中心医院,山东省济南市经八路l号,117.00797889684513,36.65149291251548
济宁市第一人民医院,山东省济宁市健康路6号,116.81790409960713,35.54443581421032
济宁市妇女儿童医院,山东省济宁市市中区供销路12号,116.59712736345777,35.42381196237939
济宁市精神病医院,山东省济宁市郊区北戴庄,116.01225516185332,35.79286443036165
济宁医学院第二附属医院,山东省济宁市任城区北戴庄,116.56309227684422,35.32871307723491
济宁医学院附属医院,山东省济宁市古槐路79号,116.57381432458823,35.408515559995735
解放军401医院,山东青岛闽江路22号,120.37533703655997,36.07067590545299
聊城市人民医院（聊城地区人民医院）,山东省聊城市东昌西路67号,115.97319491429198,36.458478267274266
聊城市中医医院,山东省聊城市文化路1号,115.99107013541126,36.441418178339305
聊城市中医院,山东省聊城市文化路1号,115.99107013541126,36.441418178339305
临沂市人民医院,山东省临沂市兰山区解放路东段27号,118.34458439043065,35.06438280133598
临沂市中医医院,山东省临沂市兰山区解放路211号,118.31250096699029,35.068130695076256
牡丹江医学院红旗医院（红旗医院）,山东省菏泽市牡丹江市爱民区通乡街5号,129.56988480962147,44.60272620474896
青岛大学医学院附属心血管病医院,山东省青岛市市南区芝泉路5号,120.35963438357707,36.066669418019565
青岛大学医学院附属医院,山东省青岛市江苏路16号,120.3226087939532,36.066843304891364
青岛纺织医院,山东省青岛市四流南127号路,120.9847447300404,36.48730001759824
青岛市第五人民医院,山东省青岛市市南区嘉祥路3号,120.30051280014598,36.066143569207334
青岛市第五人民医院青岛市中西医结合医院（青岛市中西医结合医院）,山东省青岛市市南区嘉祥路3号,120.30051280014598,36.066143569207334
青岛市妇女儿童医疗保健中心（青岛市妇儿医院）,山东省青岛市武定路27号青岛市铁山路10号,120.32335434242135,36.08129919197306
青岛市海慈医疗集团,山东省青岛市人民路4号,120.35509137694821,36.09436757105027
青岛市立医院,山东省青岛市胶州路1号,120.32170795346013,36.073345989160345
青岛市人民医院（青岛市红十字会医院）,山东省青岛市市南区安徽路21号,120.31805617089253,36.0681473294344
青岛市市立医院,山东省青岛市胶州路1号,120.32170795346013,36.073345989160345
青岛市中心医院（青岛大学医学院第二附属医院）,四流南路127号,120.37215160269317,36.139427043173896
山东大学口腔医院,山东省济南市历下区文化西路44-1号,117.01415823818652,36.65472355170019
山东大学齐鲁医院（齐鲁医院）,山东省济南市历下区文化西路107号,117.01305399129504,36.65608698029954
山东侨联医院（淄博市耳鼻咽喉医院）,山东省淄博市张店区柳泉路55号,118.046254708344,36.81701141715512
山东省立医院,山东省济南市经五纬七路324号,116.97758800085985,36.65659186124117
山东省千佛山医院（千佛山医院）,山东省济南历下区经十路66号,117.0365645195383,36.6472627312023
山东省青岛疗养院（山东康复中心）,山东省青岛市市南区正阳关路16号,120.34756779875038,36.05360324707033
山东省眼科医院,山东省济南市经四路372号,116.97988923467334,36.65918861873292
山东省肿瘤医院,山东省济南市济兖路440号,116.84813024955454,36.63627726974428
山东手足外科医院（手足外科医院）,山东省济南市经十路24430号(济南市儿童医院西300米),116.95298784447633,36.64882354120728
山东中医药大学第二附属医院,经八路1号,117.00680816252348,36.65309793580111
山东中医药大学附属烟台中医院（烟台市中医院、烟台市中西医结合医院）,山东省烟台市幸福路39号,121.35187992334926,37.56910720423465
山东中医药大学附属医院（山中医附院）,山东省济南市文化西路42号,117.01756792448157,36.654397238840126
胜利油田中心医院,山东省东营市济南路38号,118.50913453951587,37.46387995675542
泰安市中心医院,山东省泰安市龙潭路29号,117.10666042961297,36.19447227781275
泰安市中医医院,山东省泰安市泰山区迎暄大街216号,117.14471284539074,36.19133689015287
威海市妇女儿童医院（威海市第二医院）,山东省威海市光明路51号,122.11480817869852,37.50821288370716
威海市立医院,山东省威海市环翠区和平路70号,122.10965155476718,37.501715914446144
潍坊市精神卫生中心,山东省潍坊市昌乐县新昌路孤山后巷1号,118.83198853566583,36.701939342536996
潍坊市人民医院,山东省潍坊市奎文区广文街151号,119.1267142929312,36.69941215264162
潍坊市中医院,山东省潍坊市奎文区潍州路666号,119.11496617982095,36.709151078962215
潍坊医学院附属医院,山东省潍坊市奎文区虞河路465号,119.1299617205539,36.722317411444436
武警山东省总队医院（武警山东总队医院）,山东省济南市历下区浆水泉路12-8号,117.07896159075791,36.64656130553683
烟台市传染病医院,山东省烟台市芝罘区环山路62号,121.4033355622464,37.527276404457204
烟台市中医医院,山东省烟台市芝罘区,121.35187992334926,37.56910720423465
烟台毓璜顶医院（青岛大学医学院附属烟台毓瑛顶医院）,山东省烟台市毓璜顶东路20号,121.38417307485612,37.53494946099504
枣庄矿业集团有限责任公司东郊医院（东郊医院）,山东省枣庄市市中区西王庄乡,117.6347592817595,34.85166049198491
枣庄市立医院,山东省枣庄市龙头路41号,117.56024253867868,34.84641594953845
枣庄市立中医院,山东省枣庄市市中区公胜街24号,117.55797152866533,34.868923170028864
枣庄市中医医院,山东省枣庄市中区公胜街24号,117.55693678739846,34.86889012388795
中国人民解放军第八十八医院（解放军88医院）,山东省泰安市虎山东路6号,117.12959393423591,36.20503141492315
中国人民解放军第八十九医院（解放军第89医院）,山东省潍坊市北宫西街256号,119.06556088474858,36.72475595422993
中国人民解放军第一○七中心医院,山东烟台市只楚南路7号,121.31062617010943,37.528428810909425
中国人民解放军第一Ｏ七中心医院（107中心医院）,山东烟台市只楚南路7号,121.31062617010943,37.528428810909425
中国人民解放军海军第四○一医院,山东省青岛市闽江路22号,120.37577624345869,36.06883484262937
中国人民解放军济南军区总医院,山东省济南市师范路25号,116.97721308352241,36.69703930143971
中国人民武警部队山东省总队医院,山东省济南市历下区浆水泉路12-8号,117.07896159075791,36.64656130553683
淄博市妇幼保健院（淄博市第三人民医院）,山东省淄博市张店区杏园东路11号,118.0543320962483,36.78955839419883
淄博市中心医院,山东省淄博市张店区共青团西路54号,118.04674511284594,36.80716324785116
淄博市中医医院,山东省淄博市周村区新建中路75号,117.84470791266938,36.801143675023965
淄博市中医院,山东省淄博市周村区新建中路75号,117.84470791266938,36.801143675023965
安阳地区人民医院,河南省安阳市灯塔路41号,114.34413422988688,36.10565168945953
安阳地区医院,河南省安阳市灯塔路41号,114.35288514180016,36.107338897245285
安阳市人民医院（安阳市中心医院）,河南省安阳市解放路中段18号,114.52377048585808,35.55569888887446
安阳市中医院,河南省安阳市解放路中段,114.5107614061874,35.570813265495794
安阳市肿瘤医院,河南省安阳市洹滨北路2号,114.35764280299227,36.12485985252648
河南大学淮河医院,河南省开封市包公湖北路8号,114.33586549217117,34.7954088229063
河南弘大心血管病医院,河南省郑州市桐柏南路120号,113.60591815628368,34.71440601985672
河南科技大学第一附属医院,河南省洛阳市涧西区景华路24号,112.3928078076037,34.662540208711896
河南省结核病医院,卫辉市健康路,114.05483102667709,35.4117390431058
河南省精神病医院,河南省新乡市建设路中段388号,113.89111560667611,35.32601746912685
河南省军区医院,河南省郑州市金水路18号（与经七路交叉路口）,113.66763924092531,34.76645430311108
河南省人民医院,河南省郑州市纬五路7号,113.68845226454616,34.774265299452296
河南省中医院（河南中医学院第二附属医院）,河南省郑州市东风路6号,113.64460076430794,34.80262249006372
河南省肿瘤医院,河南省郑州市金水区东明路127号,113.69562113167044,34.772097148103846
河南中医学院第一附属医院,河南省郑州市人民路19号,113.66767120726786,34.760164449258006
华源新乡市中心医院,河南省新乡市南干道16号,113.95621732163539,35.058474020451264
焦作市第二人民医院,河南省焦作市民主南路17号,113.22569171326522,35.2294366570371
焦作市人民医院,河南省焦作市解放中路267号,113.24165626366675,35.24640603945738
开封光大医院,河南省开封市中山路南段236号（大南门向南200米路东）,114.34594765818747,34.7997658717328
开封市第一人民医院（河南大学附属人民医院）,河南省开封市河道街85号,114.35093698211881,34.79840374526807
洛阳市第二人民医院,河南省洛阳市西工区中州中路288号,112.42369233603047,34.67512412690162
洛阳市第二中医院,河南省洛阳市涧西区长江西路3号,112.39611132476405,34.64789649318026
洛阳市第一中医院,河南省洛阳市玻璃厂南路,112.4475298706124,34.67024255426553
洛阳市中心医院,河南省洛阳市中州中路288号,112.4238242700865,34.66953945472851
洛阳医学高等专科学校附属医院,河南省洛阳市涧西区景华路24号,112.38369894885948,34.66429342009689
洛阳正骨医院,河南省洛阳市启明南路1号,112.49617826682694,34.69417320905382
漯河市第一人民医院,河南省漯河市人民东路54号,113.60820301818293,33.446432531672556
漯河市中心医院,河南省漯河市人民东路54号,113.92392705540327,33.810371464942385
南阳市中心医院,河南省南阳市工农路312号,112.53677413809385,33.00859621779544
平顶山煤业（集团）公司总医院,河南省平顶山市矿工中路南1号院,113.29589104294837,33.73882024527193
平顶山市第一人民医院,河南省平顶山市卫东区优越路117号,113.30942563522453,33.741989975905625
濮阳市安阳地区人民医院,河南省安阳市北关区灯塔路,114.34413422988688,36.10565168945953
濮阳市人民医院,河南省濮阳市胜利西路189号,114.98401963540671,35.766578719963356
濮阳市油田总医院,濮阳市大庆路341号,115.07012420073656,35.76131132661647
武警河南省总队医院,河南省郑州市康复中街1号,113.64352647990417,34.744089669996626
武警河南总队医院,河南省郑州市康复路中街1号,113.64352647990417,34.744089669996626
新乡市第一人民医院（河南省三院）,河南省新乡市卫滨区一横街63号,113.86219868964787,35.30766100647314
新乡医学院第二附属医院,河南省新乡市建设东段茹岗北路1号,113.89135046222684,35.329302788338374
新乡医学院第一附属医院,卫辉市健康路,114.05483102667709,35.4117390431058
新乡医学院一附院,河南省卫辉市健康路,114.05483102667709,35.4117390431058
信阳市中心医院（信阳地区人民医院）,河南省信阳市四一路1号,114.07751419722052,32.13536665808904
信阳市中医院（信阳地区中医院）,河南省信阳市浉河区解放路58号信阳市中医院,114.06924996536033,32.12203339054462
许昌市中心医院,河南省许昌市健安路30号,113.80458484014498,34.031958664464106
郑州大学第二附属医院,河南省郑州市经八路2号,113.6645596602356,34.76729646484369
郑州大学第三附属医院（河南省妇幼保健院）,河南省郑州市康复前街七号,113.64200902100804,34.74463584380051
郑州大学第五附属医院（郑大五附院）,河南郑州市二七区康复前街3号,113.64566822701232,34.74446985497729
郑州大学第一附属医院,河南省郑州市建设东路1号,113.63975405986524,34.753802803048806
郑州市骨科医院,河南省郑州市陇海中路58号,113.63154210552942,34.73827443277499
郑州市中心医院（郑州市第四人民医院）,河南省郑州市桐柏路195号,113.5983122722191,34.790610795612444
郑州铁路中心医院,河南省郑州市二七区康复前街3号,113.64566822701232,34.74446985497729
郑州同济医院,河南省郑州市花园路26号（花园路与红专路交叉口）,113.67634637977864,34.78143865680587
中国人民解放军第九十一中心医院（合并解放军一六Ｏ医院）,河南省焦作市工业路东段,113.25713479732339,35.23550520616655
中国人民解放军第四六Ｏ医院（空军郑州医院）,河南省郑州市友爱路42号,113.61749408842383,34.75345997724832
中国人民解放军第一五二医院,河南省平顶山市建设路中段,113.31359414713343,33.74013531499732
中国人民解放军第一五五医院（开封155医院）,河南省开封市禹王台区医院前街3号,114.33767770667146,34.78150768036614
中国人民解放军一六Ｏ医院,河南省焦作市工业路东段,113.22907928312885,35.22823184427539
中国人民解放军一五Ｏ中心医院,河南省洛阳市高新区华夏路1号,112.38125334268656,34.61972250299007
中国人民解放军一五三中心医院,河南省郑州市中原区须水镇,113.52901969577576,34.7657793060018
中原油田总医院,河南省濮阳市大庆路,115.06513943259681,35.741217891410855
周口市中心医院（周口地区人民医院）,河南省周口市人民路东26号,114.6617528632511,33.62310229716888
东风公司总医院,湖北十堰大岭路10号,110.76560281255935,32.65571748661128
东风汽车公司总医院,湖北省十堰市大岭路10号,110.76721637745769,32.657803666048
鄂州市中心医院,湖北省鄂州市文星路9号,114.87776443179868,30.400675504602514
鄂州市中医医院,湖北省鄂州市鄂城区滨湖大道,114.88615039520417,30.394325555972852
鄂州市中医院,湖北省鄂州市鄂城区滨湖北路9号,114.88615039520417,30.394325555972852
恩施州精神病院,湖北省恩施市龙洞路37号,109.51153119377392,30.385256655113356
恩施州中心医院,湖北省恩施土家族苗族自治州恩施州舞阳大街161号,109.48642290002303,30.279015166607593
葛洲坝水利水电集团公司中心医院,湖北省宜昌市西陵区樵湖一路60号,111.28525261987141,30.718563538799714
广州军区武汉总医院,湖北省武汉市武珞路627号,114.31284048635695,30.542513484574055
湖北省妇幼保健院（湖北省妇女儿童医院）,湖北省武汉市武昌街道口武珞路745号,114.30448802330483,30.540017868429263
湖北省口腔医院（武汉大学口腔医学院）,湖北省武汉市洪山区珞喻路237号,114.36061984757409,30.523996867674683
湖北省十堰市人民医院,湖北省十堰市朝阳中路39号,110.77632161654677,32.6459884553931
湖北省新华医院（湖北省财贸医院）,湖北省武汉市江汉区菱角湖路11号,114.26792074881132,30.608400683484167
湖北省新华医院中山分院,湖北省武汉市汉口中山大道755号,114.29173638006685,30.591634655783462
湖北省中山医院（武汉大学医学院附属中山医院）,湖北省武汉市硚口区中山大道26号,114.24926444672784,30.572619761518467
湖北省中医院（湖北中医药大学附属医院）,湖北省武汉市武昌区胭脂路粮道街花园山4号,114.30434667109489,30.552712129534843
湖北省中医院光谷院区,湖北省武汉市洪山区珞瑜路856号（光谷广场前行100米）,114.38009900268575,30.517150604378568
湖北省肿瘤医院,湖北省武汉市洪山区卓刀泉南路116号,114.35920693228495,30.502582267845792
湖北医学院咐属口腔医院,湖北省武汉市洪山区广埠屯珞瑜路65号,114.36061984757409,30.523996867674683
湖北中医学院附属医院,湖北省武汉市武昌区花园山四号,114.30705805824955,30.55269657162029
湖北中医药大学附属医院湖北省中医院,湖北省武汉市武昌区胭脂路花园山4号,114.30434667109489,30.552712129534843
华中科技大学同济医学院附属梨园医院（湖北省老年病医院）,湖北省武汉市武昌东湖梨园(梨园广场附近),114.37304403390526,30.584691378565918
黄冈市第一人民医院,湖北省黄冈市考棚街11号,114.86673097020218,30.451363719410836
黄石市中心医院（黄石市第三人民医院）,湖北省黄石市黄石港区天津路141号,115.07903911190019,30.215229637788354
黄石市中医医院,湖北省黄石市广场路12号,115.08930418023236,30.212972191014025
黄石市中医院,湖北省黄石市广场路12号,115.08930418023236,30.212972191014025
江汉石油管理局中心医院,湖北省潜江市广华办事处安康路3号,112.69689336527233,30.4440736952157
解放军第一六一中心医院,湖北省武汉市汉口黄浦路68号,114.30526618831952,30.6169706764493
荆门市第一人民医院,湖北省荆门市象山大道67号,112.1923258421148,31.031137219369686
荆州市第一人民医院（长江大学附属第一医院）,湖北省荆州市沙市区航空路8号,112.25377077612934,30.31106303646784
荆州市第一人民医院慈济分院（荆州市肿瘤医院）,湖北省荆州市金龙路40号,112.22484259019396,30.331284300257654
荆州市妇幼保健院（荆州市儿童保健中心）,湖北省荆州市荆中路203号,112.17194035621958,30.354611436544147
荆州市中心医院,湖北省荆州市荆中路72号,112.18839803573006,30.357246477479972
荆州市中医医院,湖北省荆州市江津东路172号,112.26774354110556,30.31289861086773
荆州市中医院,湖北荆州市江津东路172号,112.26774354110556,30.31289861086773
三峡大学葛洲坝中心医院,湖北省宜昌市樵湖一路60号,111.28051938150593,30.721136514180415
三峡大学仁和医院,湖北省宜昌市夷陵大道410号,111.34696256741164,30.6464074360456
十堰市人民医院（郧阳医学院附属人民医院）,湖北省十堰市朝阳中路39号,110.77632161654677,32.6459884553931
十堰市太和医院（郧阳医学院附属太和医院）,湖北省十堰市人民南路29号,110.77439453888061,32.62415297626825
十堰市中医院,湖北省十堰市丹江路24号,110.8134704350338,32.591008711996466
太和医院,湖北省十堰市人民南路29号,110.77439453888061,32.62415297626825
武钢总医院,湖北省武汉市青山区冶金大道29号,114.39752636931605,30.634335632003168
武汉大学口腔医院,湖北省武汉市洪山区珞喻路237号,114.36061984757409,30.523996867674683
武汉大学人民医院（武汉大学第一临床学院）,湖北省武汉市武昌紫阳路99号,114.2939245980708,30.537660609486952
武汉大学中南医院（湖北医学院附属第二医院、湖北医科大学附属第二医院、武汉大学第二临床学院）,湖北省武汉市武昌区东湖路169号,114.34715164015672,30.555454950088823
武汉大学中山医院,湖北省武汉市中山大道26号,114.24926444672784,30.572619761518467
武汉精神卫生中心,湖北省武汉市硚口游艺路70号,114.26889608471936,30.57707567229752
武汉军工总医院,湖北省武汉市中山大道26号,114.24868456661277,30.571640990834112
武汉科技大学附属天佑医院,湖北省武汉市武昌丁字桥涂家岭9号,114.32093559604218,30.527045864788143
武汉科技大学附属医院,湖北省武汉市武昌区涂家岭9号,114.32093559604218,30.527045864788143
武汉老年病医院,湖北省武汉市洪山区东湖东路17号,114.39020934675929,30.539272251016104
武汉市传染病医院,湖北省武汉市汉口江汉北路18号,114.27417916632099,30.591383357712598
武汉市第二医院,湖北省武汉市江岸区汉口胜利街,114.30145998628159,30.601854807176146
武汉市第三医院（武汉市同仁医院）,湖北省武汉市武昌区彭刘杨路241号；武汉市洪山区关山路一号,114.29718674760579,30.542693704027407
武汉市第四医院（武汉市骨科医院、华中科技大学同济医学院附属普爱医院）,东院区:武汉市硚口区汉正街473号，西院区:硚口区解放大道76号,114.26344761182645,30.567268972659196
武汉市第一医院,湖北省武汉市中山大道215号,114.26660975542747,30.57459050171801
武汉市儿童医院,湖北省武汉市汉口球场路213号,114.28203872291532,30.605102850519287
武汉市妇女儿童医疗保健中心,湖北省武汉市江岸区香港路100号,114.28291464021358,30.605825548655144
武汉市精神病医院,湖北省武汉市桥口区游艺路70号,114.26921596935905,30.577398081936952
武汉市三医院,湖北省武汉市武昌区彭刘杨路273号,114.29763194217738,30.54317364096136
武汉市医疗救治中心,湖北省武汉市东西湖区银潭路1号,114.27956793265403,30.6692329762081
武汉市中西医结合医院,湖北省武汉市中山大道215号,114.26660975542747,30.57459050171801
武汉市中心医院（华中科技大学同济医学院附属武汉中心医院）,湖北省武汉市江岸区胜利街26号,114.28948613649774,30.583591019403706
武汉市中医医院,湖北省武汉汉口黎黄陂路49号,114.28901159523998,30.575851823639926
武汉市中医院,湖北省武汉汉口黎黄陂路49号,114.28901159523998,30.575851823639926
武汉同济医院（华中科技大学同济医学院附属同济医院）,湖北省武汉市解放大道1095号,114.25535348473005,30.582029630419207
武汉协和医院（华中科技大学同济医学院附属协和医院）,湖北省武汉市解放大道1277号,114.26937317646045,30.586686413018572
武汉亚洲心脏病医院,湖北武汉市京汉大道753号,114.27690602129518,30.585437816068307
武警湖北总队医院,湖北省武汉市武昌区民主路475号,114.30782792948908,30.54668230853144
咸宁市人民医院,湖北省咸宁市温泉镇温泉路39号,114.32819588500197,29.827322872559815
咸宁市中心医院,湖北省咸宁市温泉路39号,114.33061982052972,29.828616423251695
咸宁学院附属第二医院,湖北省咸宁市温泉马桥路32号,114.34129701248013,29.82861128955485
咸宁医学院附属第一医院,湖北省咸宁市温泉路39号,114.32146852602519,29.830490991005654
襄樊市第一人民医院（襄樊市红十字医院）,湖北省襄樊市解放路75号,112.54850708068517,29.90467195039358
襄樊市中心医院,湖北省襄樊市襄城区荆州街39号,112.1488067229588,32.02077145724964
襄樊市中医医院,湖北省襄樊市长征路85号,112.14916078906153,32.04961680879177
襄樊市中医院,湖北省襄樊市长征路85号,112.14916078906153,32.04961680879177
孝感市（中心）人民医院,湖北省孝感市城关广埸街广埸路6号,114.11731201869114,31.576657025164156
孝感市中心医院,湖北省孝感市广场路6号,113.90664715728718,30.930978581072722
宜昌市第二人民医院（宜昌市肿瘤医院）,湖北省宜昌市西陵一路58号,111.27904083060255,30.705926131448187
宜昌市第一人民医院,湖北省宜昌市湖堤街4号,111.28328690543046,30.697394337874346
宜昌市中心人民医院,湖北省宜昌市夷陵区大道,111.05378927756063,30.843546504730096
宜昌市中心医院,湖北省宜昌市夷陵路127号,111.28571293261992,30.710133409298898
宜昌市中医院（宜昌市中西医结合医院）,湖北省宜昌市胜利三路2号,111.29355144640175,30.687845291638162
中国第一冶金建设公司职工医院,湖北省武汉市青山区建设四路本溪街1号,114.38597410573217,30.634961368081928
中国人民解放军第一六一中心医院,汉口黄浦路68号(长江二桥北桥头),115.54420933607925,39.72857033177495
中国人民解放军四五七医院（空军汉口医院）,湖北省武汉市江岸区工农兵路15号,114.3009917620312,30.622556192639692
中国石化集团江汉石油管理局中心医院,湖北省潜江市安康路3号,112.69689336527233,30.4440736952157
长沙第一医院,湖南省长沙市第一医院,113.0751277508168,28.249172557242122
长沙市按摩医院,湖南省长沙市人民中路348号,112.9943094977956,28.18870067355845
长沙市第七医院,湖南省长沙市五一东路39号,112.99570131750463,28.19931542058857
长沙市第三医院,湖南省长沙市劳动西路176号,112.97193211907386,28.178709601499158
长沙市第四医院,湖南省长沙市麓山路70号,112.94409351796703,28.19762765930885
长沙市第一人民医院,湖南省长沙市营盘路311号,112.9699319977073,28.204459225852062
常德市第一人民医院,湖南省常德市人民东路388号,111.75546504063529,29.63944829501949
郴州市第一人民医院,湖南省郴州市北湖区罗家井102号,113.02863888540196,25.79167742954258
衡阳市中心医院,湖南省衡阳市雁城路12号,112.61008110500785,26.89393557719009
湖南省儿童医院,湖南省长沙市梓园路86号,112.9834214666401,28.177166604559797
湖南省妇幼保健院,湖南省长沙市湘春路23号,112.97762503216076,28.211392917174965
湖南省老年医院,湖南省长沙市马王堆路1号,113.02467976152715,28.210590273657246
湖南省脑科医院,湖南省长沙市雨花区赤岭路94号,112.97871637422415,28.159200437797207
湖南省人民医院（湖南师范大学第一附属医院）,湖南省长沙市解放西路61号,112.97558534461164,28.19451743412475
湖南省生殖保健医院,湖南省长沙市湘春路53号,112.97748021350941,28.2116990188983
湖南省中医学院附属二医院,湖南省长沙市蔡锷北路185号,112.97568412391925,28.205808031689394
湖南省中医学院附属一医院,湖南省长沙市雨花区韶山中路65号,112.98961671164831,28.166225116760742
湖南省中医研究院附属医院,湖南省长沙市麓山路58号,112.94367216794512,28.198948639096262
湖南省中医药研究院附属医院,湖南省长沙市岳麓区麓山南路273号,112.94127725224989,28.18117685140752
湖南省中医院（湖南中医药大学第二附属医院）,湖南省长沙市蔡锷北路233号,112.97568091201688,28.207169118855795
湖南省肿瘤医院,湖南省长沙市咸嘉湖582号,112.93215616335401,28.21863263265006
湖南中医学院第二附属医院,湖南省长沙市蔡锷北路233号,112.97559135843264,28.20716244893144
湖南中医药大学第一附属医院,湖南省长沙市雨花区韶山中路95号,112.98997694711868,28.168565429857505
怀化市第一人民医院（南华大学附属怀化医院）,湖南省怀化市锦溪南路144号,109.99380290079552,27.54756889149667
解放军第169医院,湖南省衡阳市海晖区东风南路369号,112.65874214766701,26.87386902525288
南华大学附属南华医院,衡阳市东风南路336号,112.65319597525202,26.87292444997286
娄底市中心医院,湖南省娄底市长青中街51号,112.01039566231096,27.734414519996843
南华大学附属第二医院（衡阳医学院第二附属医院）,湖南省衡阳市解放路30号,112.55470335890347,26.895736351718963
南华大学附属第三医院（湖南省结核病防治医院）,湖南省衡阳市南岳区衡山路169号,112.72653463117864,27.237560771514
南华大学附属第一医院（衡阳医学院第一附属医院）,湖南省衡阳市船山路69号,112.59625425360153,26.905690979688167
邵阳市中心医院,湖南省邵阳市红旗路乾元巷36号,111.45431834946565,27.236299264050878
湘潭市第一人民医院（南华大学附属湘潭医院、湘潭市肿瘤医院）,湖南省湘潭市岳塘区书院路21号,112.92290861284518,27.819966341308337
湘潭市中心医院,湖南省湘潭市雨湖区和平路120号,112.90683104198153,27.866110241687355
湘西土家族苗族自治州人民医院,湖南省吉首市厂坪路18号,109.73013811883645,28.31942940597954
益阳市第二人民医院,湖南省益阳市五一西路74号,112.32489849831083,28.59559525323572
益阳市第一人民医院,湖南省益阳市康复南路8号,112.34719095205855,28.57678234518712
益阳市中心医院,湖南省益阳市康复南路8号,112.34863425084632,28.57372292043934
益阳市中心医院益阳市第一人民医院（益阳地区人民医院）,湖南省益阳市康复南路8号,112.34863425084632,28.57372292043934
永州市中心医院（南华大学附属永州医院）,本部（北院） 湘 永州市冷水滩区逸云路396号，南院 湘 永州市零陵区潇水西路151号,111.62197343101519,26.424078960546638
岳阳市第一人民医院,湖南省岳阳市东茅岭路39号,113.10582159792409,29.375275034781772
中国人民解放军第163医院（湖南长沙163医院）,开福区洪山桥1号,113.01069525498055,28.248133142032863
中国人民解放军第一六三医院（湖南师范大学附属第二医院）,湖南省长沙洪山桥1号,113.01069525498055,28.248133142032863
中国人民解放军一六九中心医院,湖南省衡阳市珠晖区一六村1号,112.62484999896785,26.89096969338802
中南大学附属湘雅二医院（湘雅二院）,湖南省长沙市人民中路139号,112.98829912432109,28.191200619039453
中南大学附属湘雅三医院,湖南省长沙市河西桐梓坡路,112.93929778192769,28.22440595385612
中南大学湘雅二医院,湖南省长沙市人民中路139号,112.98829912432109,28.191200619039453
中南大学湘雅三医院,湖南省长沙市岳麓区桐梓坡路138号,112.93929778192769,28.22440595385612
中南大学湘雅医院,中国湖南长沙市湘雅路87号,112.97886153091778,28.21564190599408
株洲市第一医院,湖南省株洲市车站路24号,113.14880114144732,27.838499807989212
株洲市中医院（湖南中医药高等专科学校附属第一医院、湖南中医学院第三附属医院）,湖南株洲市人民路571号,113.13948944590518,27.85048496934028
北京大学深圳医院（深圳市中心医院、北大深圳医院）,广东省深圳市莲花北路1120号,114.04392104442294,22.5592297292574
潮州市中心医院（潮州红十字医院）,广东省潮州市环城西路84号,116.6383147820959,23.668922886705957
东莞东华医院,广东省东莞市东城东路1号,113.7809084682854,23.033581111598025
东莞康华医院,广东省东莞市东莞大道1000号（广深高速石鼓出入口处）,113.70435479514765,22.973897901034547
东莞市妇幼保健院,广东省东莞市城区运河东二路27号,113.74644631739028,23.046798906886433
东莞市厚街医院,广东省东莞市厚街镇河田路,113.66487866562275,22.935288857745377
东莞市人民医院,广东省东莞市万江区新谷涌万道路南3号,113.69406322745873,23.029078522911632
东莞市石龙人民医院（惠育医院）,广东省东莞市石龙镇中山西路34号,113.84827108163522,23.1157021586174
东莞市太平人民医院,广东省东莞市虎门镇虎门大道港口路段,113.67646851461885,22.823550482480073
东莞市中医院,广东省东莞市城区环城路61号,114.00809823048135,22.914916755978318
佛山市禅城区中心医院,广东省佛山市禅城区石湾三友南路,113.10614974138014,23.00146897983972
佛山市第二人民医院,广东省佛山市卫国路78号,113.11395414214235,23.02721365964215
佛山市第一人民医院,广东省佛山市领南大道北3号,113.2386377261499,22.871870017822
佛山市第一人民医院肿瘤医院（佛山市第四人民医院）,广东省佛山市金澜南路106号,113.10430553236279,22.98403526246048
佛山市妇幼保健院（广东省妇幼保健院佛山分院）,广东省佛山市禅城区人民西路11号,113.09992020694372,23.035339028126142
佛山市南海区妇幼保健院,广东省佛山市南海区桂平路,113.15367313482287,23.034477322227445
佛山市南海区人民医院,广东省佛山市南海区佛平路40号,113.12307901339018,23.034077102327842
佛山市顺德区第一人民医院,广东省佛山市顺德区大良区蓬莱路1号,113.24476331516134,22.84661772138661
佛山市中医院,广东省佛山市亲仁路6号,113.1041897503262,23.038512475818457
广东三九脑科医院（39脑科医院）,广东省广州市白云区沙太南路578号,113.32745789070499,23.179520186596037
广东省第二人民医院（解放军第一七七中心医院、177医院）,广东省广州市海珠区石榴岗路1号,113.32825118630466,23.097008110754818
广东省第二中医院,广东省广州市恒福路60号,113.27995839285518,23.14577693348096
广东省妇幼保健院,广东省广州市广园西路13号,113.24302118930125,23.15083590422954
广东省口腔医院,广东省广州市江南大道南366号,113.27170874107748,23.091680658962208
广东省人民医院,广东省广州市中山二路106号,113.28172639652077,23.128566162937062
广东省人民医院平洲分院（广东省医平洲分院）,广东省佛山市南海区平洲永安中路58号,113.19606447287813,23.02768769999705
广东省中医院（广州中医药大学第二附属医院、广州中医药大学第二临床医学院）,广东省广州市大德路111号,113.25088201398168,23.120229937725146
广东省中医院芳村分院（广州市慈善医院）,广东省广州市荔湾区芳村花地涌岸街36号,113.2216573879527,23.09999915557054
广东省中医院珠海医院,广东省珠海市景乐路53号,113.57332952336725,22.255018572530098
广东药学院附属第一医院,广东省广州东山农林下路19号,113.29053466392314,23.1301160163856
广东药学院附属第一医院激光整形美容中心（广州铁路中心医院激光整形美容中心）,广东省广州市农林下路19号广东药学院附属第一医院住院部急诊楼2楼,113.29053466392314,23.1301160163856
广州军区总医院（陆总医院）,广东省广州市流花路111号,113.24954996566895,23.14527977707393
广州市第八人民医院（广州市传染病医院）,广东省广州市东风东路627号,113.83736605405254,23.286883888058984
广州市第十二人民医院（广州市职业病防治院）,广东省广州市黄埔大道西天强路1号（中山一立交旁）,113.31305736031341,23.131874004516494
广州市第一人民医院,广东省广州市盘福路1号,113.25102648847474,23.133886775247184
广州市儿童医院（广州市妇女儿童医疗中心儿童医院院区）,广东省广州市人民中路318号,113.24834891417622,23.122342248317008
广州市番禺区人民医院（番禺中心医院）,广东省广州市番禺区桥南街福愉东路8号,113.37025075767191,22.913174907623784
广州市妇女儿童医疗中心珠江新城院区,广东省广州市金穗路9号,113.31473611696073,23.127557922797973
广州市妇婴医院（广州市妇幼保健院、广州市妇女儿童医疗中心市妇婴医院暨市妇幼保健院院区）,广东省广州市荔湾区人民中路402号,113.24898649854173,23.126395854119423
广州市红十字会医院（暨南大学医学院第四附属医院）,广东省广州市海珠区同福中路396号,113.25645366077651,23.107470008699877
广州市脑科医院（广州市精神病医院）,广东省广州市芳村区明心路36号,113.23497501344714,23.1013238556999
广州市脑科医院荔湾门诊部,广东省广州市荔湾区荔湾路53号,113.23481015056761,23.13438039855883
广州市胸科医院,广东省广州市横枝岗路62号,113.2833604068055,23.150483666682106
广州市中医医院,广东省广州市珠玑路16号,113.23830548528102,23.111850949964442
广州医学院第二附属医院（广医二院）,广东省广州市海珠区昌岗东路250号,113.2725509812911,23.09189263589
广州医学院第三附属医院（广州市第二人民医院）,广东省广州市荔湾区多宝路63号,113.22920355863089,23.11952080365716
广州医学院第一附属医院（广州市第四人民医院、广州市工人医院）,广东省广州市沿江路151号（原市总工会对面），广州市海珠区康大路1号,113.07125421375407,23.388069902069336
广州医学院口腔医院（广铁集团羊城铁路总公司广州医院）,广东省广州市荔湾区黄沙大道31号,113.22978729475496,23.114815165869356
广州中医药大学第一附属医院（广中医附一院）,广东省广州机场路16号大院,113.25909080572877,23.1596619872749
惠州市中心人民医院（广东医学院附属惠州医院）,广东省惠州市鹅岭北路41号,114.39415636877021,23.084494385846174
暨南大学附属第一医院（广州华侨医院）,广东省广州市黄埔大道西613号,113.34515695853185,23.12873264309673
江门市人民医院,广东省江门市蓬莱路高第里172号,113.08235332860808,22.583384931267187
江门市五邑中医院,广东省江门市华园东路30号,113.06959899558355,22.58063799469809
江门市中心医院,广东省江门市北街海旁街23号,113.10912053907992,22.60889101310901
开平市中心医院,广东省江门市开平区长沙三江开发区A7号,112.66365079384103,22.377071671364423
罗定市人民医院,广东省云浮市罗定市罗城镇陵园路34号,111.57105558990116,22.77246504894404
茂名市人民医院（广州银行医院、南方医科大学附属茂名医院）,广东省茂名市为民路101号,110.90539058910917,21.661123684942424
茂名市中医院,广东省茂名市油城五路7号,110.9151356944881,21.666647505755115
梅州市人民医院（梅州市黄塘医院）,广东省梅州市梅江区黄塘路,116.09462072369334,24.314493041308587
南方医科大学南方医院（南方医院）,广东省广州市广州大道北1838号,113.3241694422272,23.191414442939784
普宁市人民医院,广东省揭阳市普宁市流沙大道30号,116.12960796707077,23.30316723830294
清远市人民医院,广东省清远市清城区新城银泉南路B24号区,113.03079039647902,23.690240245411964
清远市中医院,广东省清远市清城区桥北路10号,113.03425142398106,23.711089607141968
汕头大学医学院第一附属医院,中国广东省汕头市长平路57号,116.70207921199625,23.365567184152805
汕头国际眼科中心（汕头大学医学院第五附属医院）,广东省汕头市东厦北路(广厦新城),116.71442185902325,23.396466476730836
韶关市第一人民医院,广东省韶关市东堤南路三十三号,113.59575885970332,24.808476453812094
韶关市粤北人民医院（汕头大学医学院附属粤北人民医院、粤北人民医院、韶关地区人民医院）,广东省韶关市惠民南路,113.58414588143414,24.79316456867227
深圳大学第一附属医院（深圳市第二人民医院）,广东省深圳市笋岗西路3002号,114.0805149364859,22.559846299523866
深圳市宝安区人民医院（深圳市第八人民医院、南方医科大学深圳宝安医院）,广东省深圳市宝安区龙井二路118号,113.90998198923181,22.56484077546957
深圳市妇幼保健院,广东省深圳市福田区红荔路2004号；福田区福强路3012号,114.08920338967643,22.552101491688646
深圳市南山区人民医院（深圳市第六人民医院）,广东省深圳市南山区桃园路89号,113.91869916416373,22.533806529816918
深圳市人民医院,广东省深圳市东门北路1017号,114.12362147579128,22.558599068128867
深圳市中医院,一门诊部地址：深圳市解放西路3015号 二门诊部地址：深圳市福华路1号,114.08037374511869,22.539762654641347
顺德区妇幼保健院,广东省佛山市顺德区大良区保健1号,113.25387934996733,22.834378972489137
武警广东省总队医院（武警广东总队医院、武警医院）,广东省广州市天河区燕岭路268号,113.3268023792038,23.165544767743494
阳江市人民医院,广东省阳江市江城区东山路42号,111.96597993187662,21.846298633507157
湛江市中心人民医院,广东省湛江市寸金路2号,110.34878680698581,21.27800054404722
肇庆市第一人民医院,广东省肇庆市城中路174号,112.45419524243619,23.049770797099693
肇庆市中医院,广东省肇庆市端州六路20号,112.449575320364,23.056150650783575
中国人民解放军第421医院,广东省广州市新港中路468号,113.33020796306451,23.09559228811536
中国人民解放军第一七三医院,广东省惠州市鹅岭南路20号,114.38793086406332,23.078586711976985
中国人民解放军第一五七医院（157陆军医院、157医院）,广东省广州市广州大道北梅花园白灰场路15号,113.3195845602308,23.189503753959134
中国人民解放军四五八医院（广州空军医院、解放军458医院）,广东省广州市东风东路801号,113.30670924591679,23.133925700799722
中山大学附属第二医院（中山二院、中山大学孙逸仙纪念医院）,广东省广州市沿江西路107号,113.25063996354311,23.11182963358375
中山大学附属第三医院（中山三院）,广东省广州市天河区天河路600号石牌岗顶,113.33573594841222,23.136757224545065
中山大学附属第五医院（中山五院）,广东省珠海市梅华东路52号,113.56826524049261,22.301443932592594
中山大学附属第一医院（中山一院）,广东省广州市中山二路58号,113.28576056388766,23.12900641637944
中山大学附属第一医院黄埔院区,广东省广州市黄埔东路183号,113.44820003903614,23.10414784014596
中山大学附属口腔医院（中山大学光华口腔医院）,广东省广州市陵园西路56号,113.2780659881247,23.133163718806237
中山大学附属汕头医院（汕头市中心医院）,广东省汕头市外马路114号,116.68930171102902,23.358635035275906
中山大学附属肿瘤医院（中山大学肿瘤防治中心、中山大学肿瘤研究所）,广东省广州市越秀区东风东路651号,113.30352104360688,23.133815470373126
中山大学中山眼科中心,广东省广州市先烈南路54号(近区庄立交桥东南侧),113.28736515111545,23.13595897533114
中山市博爱医院（中山市妇幼保健院）,广东省中山市城桂路6号,113.3862310190782,22.499909515323925
中山市人民医院（广东药学院附属中山医院）,广东省中山市孙文中路2号,113.37680792559897,22.528382537505284
中山市小榄人民医院,广东省中山市小榄镇竹源公路18号,113.22366323046415,22.679562526936273
中山市中医院（广州中医药大学中山附属医院）,广东省中山市西区康欣路3号（新院）,113.34852869447901,22.54106098326242
珠海市妇幼保健院,广东省珠海市香洲区柠溪路543号,113.55492722802117,22.2723425769485
珠海市人民医院（暨南大学医学院第三附属医院）,广东省珠海市康宁路79号,113.57076451380844,22.277628060855974
珠海市中医院,广东省珠海市吉大景乐路,113.57332952336725,22.255018572530098
珠江医院,广东省广州市工业大道中253号,113.26330870091975,23.084235396998555
百色地区人民医院,广西壮族自治区百色市城乡路8号,106.61726001594752,23.89529415992884
百色市人民医院,广西自治区百色市城乡路8号,106.61726001594752,23.89529415992884
北海市人民医院,广西壮族自治区北海市和平路83号,109.11213135866933,21.482481202495958
防城港市中医医院,广西防城港市防城区二桥东路8号,108.35894162024043,21.756651807721322
广西妇幼保健院,广西南宁市新阳路225号,108.28831929117675,22.82013564692513
广西骨伤医院,广西南宁新民路32号( 区公安厅旁 ),108.32607269642793,22.822528236237815
广西江滨医院,广西南宁市河堤路85号,108.34644198724975,22.792070816131638
广西民族医院,广西南宁市明秀东路232号,108.31479298824628,22.846932777690707
广西南宁第二医院,广西壮族自治区南宁市谈村路１３号,107.69026432590638,23.169716850932176
广西区妇幼保健院,广西壮族自治区南宁市新阳路225号,108.28831929117675,22.82013564692513
广西医科大学第三附属医院,广西壮族自治区南宁市淡村路13号,108.30181155235843,22.798968153860493
广西医科大学第一附属医院,广西南宁市双拥路6号,108.33901318189565,22.798730187692183
广西医科大学附属第五医院,广西壮族自治区柳州市广场路8号,109.40719212432035,24.323126174072602
广西医科大学附属口腔医院,广西南宁市双拥路10号,108.33991238361789,22.801473353954634
广西医科大学附属肿瘤医院,广西壮族自治区南宁市河堤路71号,108.33784786102281,22.797878450897645
广西中医学院第二附属医院,广西南宁市南京路39号,108.31005891157432,22.826627462980884
广西中医学院第一附属医院（广西壮族自治区中医医院）,广西壮族自治区南宁市东葛路89-9号,108.3414898658102,22.825247048665908
广西中医学院附属瑞康医院,广西壮族自治区南宁市华东路10号,108.31029951929263,22.824675282148217
广西中医学院瑞康医院（广西中医学院瑞康临床医学院）,广西南宁市华东路10号,108.31029951929263,22.824675282148217
广西肿瘤医院,广西南宁市滨湖路6号,108.3627987595597,22.82429122236038
广西壮族自治区妇幼保健院,广西壮族自治区南宁市新阳路225号,108.28831929117675,22.82013564692513
广西壮族自治区柳州地区人民医院,广西柳州市跃进路124号,109.41011980478024,24.368880761324515
广西壮族自治区南溪山医院（广西壮族自治区第二人民医院）,广西壮族自治区桂林市崇信路46号,110.28469502656594,25.250230875365247
广西壮族自治区人民医院,广西南宁市桃源路6号,108.32384163480755,22.805001592523038
广西壮族自治区肿瘤医院（区肿瘤医院、医科大学附属肿瘤医院）,广西壮族自治区南宁市河堤路71号,108.33784786102281,22.797878450897645
贵港市人民医院,广西壮族自治区贵港市中山中路1号,109.595026198397,23.09067076048155
贵港市中西医结合骨科医院贵,广西壮族自治区贵港市建设路中段639号,109.60263007014848,23.092601823442365
桂东人民医院（梧州地区人民医院）,梧州西江4路金鸡冲1号,111.31160389296657,23.480352497110864
桂林第二人民医院,广西壮族自治区桂林市叠彩区叠彩路2号,110.29782102079052,25.290624619705973
桂林市第二人民医院,广西壮族自治区桂林市叠彩路2号,110.29782102079052,25.290624619705973
桂林市第五人民医院,广西壮族自治区桂林市三里店七星路,110.31943810481803,25.26285211449785
桂林市人民医院,广西壮族自治区桂林市文明路12号,110.29035415425892,25.272192258044836
桂林市中医院,广西壮族自治区桂林市临桂路2号,110.2863494883784,25.275200068742148
桂林医学院附属医院,广西壮族自治区桂林乐群路95号,110.28735821326535,25.284328601227845
桂林中医院,广西壮族自治区桂林市临桂路2号,110.2863494883784,25.275200068742148
河池地区人民医院,宜州市庆远镇桂鱼路124号,108.65486163593705,24.502160284667074
河池市人民医院,广西壮族自治区河池市南新东路18号,108.0449990476221,24.697582398260625
柳州市第三人民医院（柳州市铁路中心医院）,广西壮族自治区柳州市飞鹅路利民区14号,109.39756455159666,24.30733791040015
柳州市工人医院（广西医科大学第四附属医院）,广西壮族自治区柳州市鱼峰区柳石路1号,109.40658072682672,24.300586859672165
柳州市柳铁中心医院柳州市第三人民医院（南方医科大学附属柳州医院）,广西壮族自治区柳州市东环路,109.42921247486989,24.371213096540977
柳州市人民医院（广西医科大学第五附属医院）,广西柳州市城中区文昌路8号,109.44050484471761,24.32884977400892
柳州市中西医结合医院,广西壮族自治区柳州市鱼峰区荣军路115号,109.41567484442646,24.305112855084634
柳州市中医院,广西壮族自治区柳州市解放北路32号,109.40938474288694,24.321059171349187
柳州铁路局柳州中心医院,广西柳州市飞鹅路利民区14号,109.39756455159666,24.30733791040015
柳州医学高等专科学校第一附属医院,广西柳州市跃进路124号,109.409945469312,24.37031770204038
南宁市第二人民医院,广西南宁市淡村路13号,108.30181155235843,22.798968153860493
南宁市第一人民医院,广西壮族自治区南宁市七星路89号,108.32096106784945,22.8133670628367
南溪山医院（自治区第二人民医院）,广西壮族自治区桂林市崇信路46号,110.28469502656594,25.250230875365247
钦州市第二人民医院,广西钦州市钦城区文峰南路219号,108.61435834106675,21.957989112861856
钦州市第一人民医院（钦州市地区人民医院）,广西壮族自治区钦州市钦南区前进路44号,108.62762281027783,21.964411532131372
钦州市妇幼保健院（钦州市妇女儿童医院、钦州红十字会医院）,广西壮族自治区钦州市安州大道1号,108.62678181458715,21.952096481694518
梧州市工人医院（广西医科大学第七附属医院）,广西壮族自治区梧州市万秀区高地路南三巷1号,111.31681153522872,23.474804019400448
梧州市红十字会医院,广西壮族自治区梧州市蝶山区新兴一路3-1号,111.29781473294497,23.47351271946268
梧州市中医院,广西壮族自治区梧州市新兴二路142号,111.25977656795095,23.47910517999677
右江民族医学院附属医院,广西壮族自治区百色市中山二路18号,106.60926530039322,23.895176706174883
玉林市第一人民医院（广西医科大学第六附属医院）,广西壮族自治区玉林市教育中路497号,110.15113976783613,22.638751721682723
玉林市骨科医院,广西壮族自治区玉林市教育中路597号,110.14776758846283,22.634201375342137
玉林市中医医院,广西玉林市人民东路805号,110.14984623365578,22.6340150809426
玉林市中医院,广西壮族自治区玉林市人民东路805号,110.14984623365578,22.6340150809426
中国人民解放军三Ｏ三医院,广西壮族自治区南宁市植物路52号,108.32810902182445,22.797842785064216
中国人民解放军一八一医院,广西壮族自治区桂林市新桥园路1号（象鼻山公园广场旁）,110.28776303699235,25.267960686115526
海口市人民医院,海南省海口市美兰区海甸岛人民大道43号,110.33758982605406,20.062567384915745
海南省第三人民医院,海南省三亚市海南省三亚市解放四路146号,109.4902594981937,18.27215755243795
海南省农垦三亚医院,海南省三亚市解放四路128号,109.4902594981937,18.27215755243795
海南省农垦总局医院（海南省工人医院）,海南省海口市白水塘路48号,110.29632790203812,19.98203913356286
海南省农垦总局医院东湖院区,海南省海口市美兰区海府路10号,110.3428579664542,20.036182479067296
海南省人民医院,海南省海口市秀英区秀华路19号,110.28345665728142,20.006916746845178
海南省中医院,海南省海口市和平北路47号,110.34994139489778,20.045972591167608
海南医学院附属医院,海南省海口市龙华路31号,110.32945262355489,20.031939522852255
中国人民解放军一八七中心医院,海南省海口市龙昆南路100号,110.33592016874532,19.991520470832857
中南大学湘雅医学院附属海口医院,海南省海口市海甸岛人民大道43号,110.33758982605406,20.062567384915745
解放军第324医院,重庆市江北区建新东路29#,106.53619849816012,29.57651021824421
武警重庆总队医院,重庆市南岸区弹子石卫国路90号,106.58401737446853,29.58519688005316
西南医院（中央医院）,重庆市沙坪坝区高滩岩正街30号,106.44761495218069,29.539360656877808
新桥医院（中国人民解放军第三军医大学第二附属医院）,重庆市沙坪坝区新桥正街1号,106.43312905886819,29.52583230463914
重庆三峡中心医院,重庆万州区新城路165号,108.3793661441593,30.807085213587996
重庆三峡中心医院百安分院,重庆万州区五桥百安移民新区,108.44043322185848,30.759737776963032
重庆三峡中心医院儿童分院,重庆万州区新城路165号　,108.3793661441593,30.807085213587996
重庆三峡中心医院平湖分院,重庆市万州区北山大道862号,108.39854372052184,30.832742247584523
重庆三峡中心医院御安分院（万州区传染病医院）,重庆市万州区北山大道1666号,108.41387983241269,30.8407518276579
重庆市大坪医院（第三军医大学大坪医院）,重庆市渝中区大坪长江之路10号,106.51827973220061,29.54670767274913
重庆市第二人民医院,重庆永川市萱花路439号,105.88699118460539,29.360596843575834
重庆市第九人民医院（重庆医科大学北碚附属医院）,重庆市北碚区嘉陵村69号,106.44228938061396,29.82467448102575
重庆市第三人民医院（重庆中俄友好医院）,中国重庆渝中区枇巴山正街104号,106.55089437440606,29.559180112754674
重庆市第四人民医院（重庆市急救医疗中心）,重庆市渝中区健康路1号,106.54222794914246,29.555251977790807
重庆市第一人民医院（重庆市中西医结合医院）,重庆市渝中区道门口街40号,106.58070352594925,29.5622157974195
重庆市涪陵中心医院,重庆市涪陵区高笋塘路2号,107.39336092453347,29.706092375821118
重庆市妇幼保健院（重庆市妇产科医院）,重庆市七星岗金汤街64号,106.56266892087613,29.556567378969564
重庆市中山医院（重庆市外科医院）,重庆市渝中区中山一路312号,106.55573133416922,29.559003437778205
重庆市中医院（重庆市中医研究院）,重庆市渝中区北区路1号,106.56546650234517,29.56399765873702
重庆市肿瘤医院,重庆市沙坪坝区汉渝路181号（石门大桥旁）,106.47179290163335,29.563393628934964
重庆医科大学附属第二医院,重庆市渝中区临江路76号,106.57084131563461,29.562917934879984
重庆医科大学附属第一医院,重庆市渝中区袁家岗友谊路1号,106.50902784451058,29.533658191529206
重庆医科大学附属儿童医院,重庆市渝中区中山二路136号,106.55089437440606,29.559180112754674
重庆医科大学附属口腔医院（重庆市口腔医院）,重庆市渝中区上清寺路5号,106.54288252163909,29.562421831327065
成都大学附属医院,四川省成都市火车北站二环路北二段82号,104.06489140015302,30.69609062095103
成都第三人民医院,四川省成都市青龙街82号,104.06039774034605,30.67111936618707
成都市第二人民医院（成都市红十字医院）,四川省成都市庆云南街10号,104.08466758233116,30.662785938494448
成都市第四人民医院（成都市精神卫生中心）,四川省成都市营门口路互利西一巷8号(二环路营门口立交桥侧),104.03663679792494,30.69402972423334
成都市第一人民医院（成都市中西医结合医院）,四川省成都市高新南区繁雄大道万象北路18号,104.04967369939597,30.592703059984526
成都市妇女儿童中心医院（成都市妇幼保健院、成都市第二妇产科医院）,四川省成都市实业街32号,104.05026508461997,30.66943463913823
成都医学院第一附属医院（成都军医学院附属学院、解放军47医院）,四川省成都市新都区宝光大道中段278号,104.15601908331004,30.831188371393914
成都中医药大学附属医院（四川省中医院）,四川省成都市十二桥路39号,104.03961646077471,30.66966523929984
川北医学院附属医院,四川省南充市文化路113号,106.08127110532274,30.795646829252476
达州市第二人民医院,四川省达州市大西街29号,107.49278106724479,31.213837108169784
达州市中西医结合医院,四川省达州市大西街116号,107.49250422288634,31.213509614155388
达州市中心医院（达川地区人民医院）,四川省达州市通川区大东街(柴市街)151号,107.49629363818849,31.21159286228488
德阳市人民医院,四川省德阳市泰山北路173号,104.39375881927013,31.13300461009559
泸州医学院附属医院,四川省泸州市太平街25号,105.44756014928075,28.892240307224345
泸州医学院附属中医院泸州医学院附属第二医院,四川省泸州市龙马潭区春晖路16号,105.42162441393934,28.89771623506284
绵阳市第三人民医院（四川省精神卫生中心）,四川省绵阳市剑南路东段190号,104.7397808069596,31.455028656371848
绵阳市中心医院,四川省绵阳市常家巷18号,104.75023302278629,31.459003078467912
绵阳市中医院（成都中医药大学附属绵阳医院）,四川省绵阳市涪城区涪城路14号,104.74709278126646,31.466841924168637
南充市中心医院（川北医院、南充地区人民医院）,四川省南充市人民南路97号,106.08004832433134,30.789551506057688
攀枝花钢铁（集团）公司职工总医院,四川省攀枝花东区东风村长寿路104号,101.70139331088322,26.573246561504057
攀枝花市第五人民医院,四川省攀枝花市炳草岗建设街一村70号,101.72112399805718,26.584812032764507
攀枝花市妇幼保健院,四川省攀枝花市新华街二村27号,101.70895677720576,26.579920502025914
四川大学华西第二医院（华西妇产儿童医院）,四川省成都市人民南路三段20号,104.06297968104326,30.641977476154082
四川大学华西口腔医院,四川省成都市人民南路三段14号,104.06303797076656,30.644685982718524
四川大学华西医院（四川大学华西临床医学院）,四川省成都市外南国学巷37号,104.06014361349962,30.642786314553724
四川省妇幼保健院（四川省妇女儿童医院）,四川省成都市抚琴西路338号,104.02810007643696,30.684051695561035
四川省骨科医院（成都体育医院、成都运动创伤研究所）,四川省成都市一环路西一段132号,104.03782877788268,30.65354320949497
四川省人民医院,四川省成都市一环路西二段32号,104.03716674338347,30.665202664310286
四川省肿瘤医院（四川省第二人民医院）,四川省成都市人民南路四段55号,104.06776006134457,30.612176161673258
遂宁市人民医院,四川省遂宁市船山区德胜西路127号,105.5717621789382,30.51161206239243
遂宁市中医院,四川省遂宁市船山区和平西路68号,105.56842568024578,30.512608938086494
宜宾市第二人民医院,四川省宜宾市北大街96号,104.61990753512636,28.773679100397217
中国人民解放军成都军区总医院（成都军区总医院）,四川省成都市蓉都大道天回路270号,104.11579018118084,30.747358072034967
自贡市第一人民医院（自贡市仁济医学中心）,四川省自贡市尚义灏一支路42号,104.7623161388897,29.355897970797574
安顺市人民医院,贵州省安顺市虹山东路22号,105.93590752638092,26.254528581370877
贵阳市第二人民医院,贵州省贵阳市金阳大道与体育路交汇处,106.63130706852924,26.683220029740173
贵阳市第一人民医院,贵州省贵阳南明区博爱路97号,106.7067801554727,26.57657885738734
贵阳市妇幼保健院,贵州省贵阳市,106.7637472349165,26.642355477720773
贵阳市妇幼保健院贵阳市儿童医院,贵州省贵阳市南明区瑞金中路13号,106.70121417194986,26.578479289093877
贵阳医学院第二附属医院,贵州省贵阳市南明区花果园,106.67964222151551,26.56717258326396
贵阳医学院附属医院,贵州省贵阳市贵医街28号,106.70930549515465,26.5981894811459
贵阳中医学院第二附属医院,贵州省贵阳云岩区飞山街83号,106.70413243223538,26.58322648096339
贵阳中医学院第一附属医院,贵州省贵阳市云岩区外环城东路119号,106.71882577419673,26.584158229304318
贵州省人民医院,贵州省贵阳市中山东路52号,106.71914131067042,26.5801515765038
黔南州414医院,贵州省都匀市北工区,107.51057493535036,26.270964270880466
黔西南州人民医院,兴义市盘江路95号,104.89668798692324,25.088489337124457
兴义市人民医院,贵州省黔西南州兴义市园陵路一号,104.9039661577786,25.08925809440741
中国人民解放军第四十四医院黄河医院,贵州省贵阳市小河经济技术开发区黄河路1号,106.69689483015904,26.52441299266974
遵义市第一人民医院,贵州省遵义市凤凰路98号（洗马桥头）,106.9111502513361,27.7032578559866
遵义医学院第三附属医院,贵州省遵义市凤凰北路98号,106.91181078408245,27.70365669057071
遵义医学院附属口腔医院,贵州省遵义市大连路149号,106.94259708357008,27.70831597153863
遵义医学院附属医院,贵州省遵义市大连路149号,106.94159850070803,27.710510193472945
成都军区昆明总医院（43医院）,云南省昆明市大观路212号,102.6832627955716,25.036513505854387
大理州人民医院,云南大理市下关人民南路122号,113.98585907468633,22.533069447840443
解放军第59医院,云南省开远市健民路147号,103.23702902307784,23.70939791720408
昆明市第一人民医院,云南省昆明市青年路504号,102.71381548151736,25.03370327299303
昆明市妇幼保健院,云南省昆明市五华区华山西路43号,102.70576158996589,25.048921264454833
昆明市凯耀医院（光明中西医医院）,云南省昆明市二环西路科景路1号,102.66798809955408,25.062630143829605
昆明市延安医院,云南省昆明市人民东路245号,102.72873648101417,25.045561079158155
昆明市中医院,云南省昆明市盘龙区东风东路25号,102.72205879772588,25.040651728583523
昆明彤和乳腺疾病医院,云南省昆明市人民西路昆明大学对面,102.6851718213322,25.047316606798855
昆明延安医院,云南省昆明市盘龙区人民东路245号,102.72873648101417,25.045561079158155
昆明医学院第二附属医院（昆明工人医院）,云南省昆明市五华区麻园1号,102.6755648131762,25.057701212254933
昆明医学院第一附属医院（云大医院）,云南省昆明市西昌路295号,102.69261343712253,25.04646855526985
玉溪市人民医院,云南省玉溪市红塔路21号,102.54558185861877,24.358526165126065
玉溪市中医院,溪市红塔区聂耳路53号,102.55157495021841,24.351222641219888
云南省第二人民医院（云南省红会医院）,云南省昆明市五华区青年路176号,102.71212435797446,25.051459322201435
云南省第一人民医院（昆华医院、云南省红十字会第一医院）,云南省昆明市金碧路157号,102.70615155063867,25.035518446025343
云南省中医医院（云南中医药大学第一附属医院、云南中医学院第一附属医院）,云南省昆明市光华街120号,102.70488256475377,25.042757616871913
云南省肿瘤医院（昆明医学院第三附属医院）,云南省昆明市人民西路西苑立交桥西(150米)174号,102.66616692507306,25.046009242978588
中国人民解放军第五十九医院,云南省开远市,103.23702902307784,23.70939791720408
那曲地区藏医院,西藏自治区那曲地区那曲镇岭郭路53号,92.04862432268818,31.47788055116744
西藏自治区藏医院,西藏自治区拉萨市娘热路26号,91.123828478104,29.66589194013565
西藏自治区第一人民医院,西藏自治区拉萨市城关区林廓北路18号,91.1257340949411,29.659198206106897
中国人民解放军西藏军区总医院,西藏自治区拉萨市阳扎路,91.12489382237239,29.699759807041772
安康市中医院,陕西省安康市巴山东路47号,109.03414780384104,32.694040991896884
宝鸡市中心医院,陕西省宝鸡市渭滨区姜潭路8号,107.10890980928397,34.35962455483635
宝鸡市中医医院,陕西省宝鸡市宝福路43号,107.12253424532501,34.380260006723546
宝鸡市中医院,陕西省宝鸡市金台区宝福路43号,107.12191011424665,34.37972742246093
长安医院,陕西省西安市长安区经济技术开发区文景路17号,108.9349373159807,34.322977481403726
第四军医大学口腔医院,陕西省西安市长乐西路145号,108.98104086956496,34.27144292659985
第四军医大学唐都医院（唐都医院）,陕西省西安市灞桥区新寺路,109.05755467803147,34.28517949449062
第四军医大学西京医院,陕西省西安市长乐西路15号,108.98339709803197,34.272137243092935
汉中三二Ｏ一医院,陕西省汉中市汉江路46号,107.02048571431042,33.06399631942219
汉中市中心医院,陕西省汉中市康复路22号,107.01236473235497,33.07857924274671
三二零一医院,陕西省汉中市汉台区汉江路46号,107.02048571431042,33.06399631942219
陕西省第二人民医院,陕西省西安市尚勤路3号（大东门甲字向西200米）,108.96283586976872,34.26169908341192
陕西省第三人民医院,陕西省西安市雁塔西路309号,108.92815746878689,34.22076021682581
陕西省妇幼保健院,陕西省西安市北大街后宰门73号,108.94778901326296,34.27387392100331
陕西省核工业二一五医院,陕西省咸阳市渭阳西路52号,108.69196367273727,34.3302760096612
陕西省结核病防治院,陕西省西安市长安区太乙乡上湾村甲字1号,109.00927375131312,34.048070802817875
陕西省人民医院,陕西省西安市友谊西路256号,108.92548896840614,34.24132042788396
陕西省中医医院（陕西省中医药研究院）,陕西省西安市中心西华门2号,108.94112530414206,34.1599747133157
陕西省肿瘤医院,陕西省西安市雁塔西路309号（美院对面）,108.92815746878689,34.22076021682581
陕西中医学院附属医院,陕西省咸阳市渭阳西路副2号,108.68495457265364,34.32945075725437
渭南市中心医院,陕西省渭南市朝阳路东段,109.5982792290167,34.951546148312005
武警陕西省总队医院（武警陕西省总队医院心脏中心）,陕西省西安市南二环东段88号,108.98057954190124,34.23856821288494
西安交通大学口腔医院,陕西省西安市新城区西五路98号,108.9440868569449,34.270769248481436
西安交通大学医学院第二附属医院,陕西省西安市西五路157号,108.94590900380683,34.27308147283642
西安交通大学医学院第一附属医院,陕西省西安市雁塔西路277号（原健康路1号）,108.93214415540595,34.22135726695283
西安市第八医院,陕西省西安市丈八东路2号,108.93861307950108,34.19943533789943
西安市第九医院（西安市铁路中心医院、西安交通大学医学院附属西安市第九医院）,陕西省西安市南二环东段151号,108.97296995850598,34.23756569923117
西安市第四医院（西安广仁医院）,中国陕西省西安市解放路21号,108.95940502840624,34.26229936619464
西安市第一医院,陕西省西安市南大街粉巷30号,108.93863378810845,34.207017535279604
西安市儿童医院,陕西省西安市西门内西举院巷69号,108.92224348208605,34.26410885274461
西安市红十字会医院,陕西省西安市南稍门南郭路76号,108.9438057654508,34.24360140716532
西安市精神卫生中心,陕西省西安市曲江新区雁引路15号,109.01052448049073,34.17441411029121
西安市中心医院,陕西省安市西五路161号（北大街与西五路交叉十字东北角）,108.94404347700412,34.272397366707494
西安市中医医院（陕西中医学院西安附属医院）,陕西省西安市东大街325号,108.95723873138691,34.25823847719783
西安市中医院,陕西省西安市东大街325号,108.95704227488777,34.261255971108646
延安市人民医院,陕西省延安市七里铺,109.43326980356356,36.66650379284324
榆林市第一医院（延安大学医学院第二附属医院）,陕西省榆林市绥德文化大街59号,110.25161109916294,37.500002273676344
榆林市中医院（北方医院）,陕西省榆林市新建南路46号,109.74885492500384,38.286022805742284
郑州铁路局西安中心医院,陕西省西安市南二环路东段151号,108.94404347700412,34.272397366707494
中国人民解放军第三中心医院,陕西省宝鸡市东风路45号,107.19064181294954,34.365754552768514
中国人民解放军三二三医院,陕西省西安市建设西路6号,108.95597108616388,34.23656666249048
中国人民解放军四五一医院,陕西省西安市友谊东路269号（李家村十字向东100米）,108.96295300331815,34.24385772529719
甘肃省人民医院,甘肃省兰州市东岗西路160号,103.86463395310865,36.048990339359996
甘肃省中医院,甘肃省兰州市七里河王家堡27号,103.7757609201704,36.0729459770598
甘肃省肿瘤医院甘肃省医学科学研究院,甘肃省兰州市小西湖东街2号,103.78974516727332,36.06663360189906
甘肃中医学院附属医院,甘肃省兰州市嘉峪关西路732号,103.86938514131401,36.041113406216475
酒泉市人民医院,甘肃省酒泉市西大街22号,98.50300865258235,39.74304337500345
兰州大学第二附属医院,城关区萃英门82号,103.80931059378679,36.0603848691733
兰州大学第二医院,甘肃省兰州市城关区萃英门80号,103.81008099659084,36.061489624738435
兰州大学第一附属医院,甘肃省兰州市城关区东岗西路1号,103.86703487192607,36.04609679449821
兰州大学第一医院,甘肃省兰州市东岗西路1号,103.86703487192607,36.04609679449821
兰州第一人民医院,甘肃省兰州市七里河区吴家园1号,103.76911612213702,36.075961822020055
兰州军区总医院,甘肃省兰州市七里河区小西湖西街98号,103.78510095049023,36.068736746254366
兰州军区总医院安宁分院（中国人民解放军第四七三医院（空军兰州医院））,甘肃省兰州市安宁东路818号,103.74257453947232,36.09983141754547
兰州市第一人民医院,甘肃省兰州市七里河区吴家园西街1号（火星街1号）,103.76911612213702,36.075961822020055
兰州医学院第二附属医院,甘肃省兰州市翠英门80号,103.8641870695148,36.04729177224738
兰州医学院第一附属医院,甘肃省兰州市城关区东岗西路１号,103.86744160104685,36.047026723053364
平凉地区人民医院,甘肃省平凉市崆峒东路296号,106.70248238221099,35.534971188955396
庆阳市人民医院,甘肃省庆阳市南大街608号,107.6385217185686,35.74081016553271
天水市第一人民医院,甘肃省天水市秦城区建设路105号,105.73467113244561,34.57988265570936
中国人民解放军第一医院（兰州三爱堂医院）,甘肃省兰州市城关区静宁南路72号,103.82794410767832,36.04770900985578
青海大学附属医院（青大附院）,青海省西宁市城西区同仁路29号,101.76146049756576,36.623086917138615
青海红十字医院青海省监狱管理局中心医院,青海省西宁市南大街55号,101.78074464055594,36.61884500266471
青海省藏医院,青海省西宁市南山东路97号,101.78568653741418,36.6004480409135
青海省第三人民医院,青海省西宁市果洛路41号,101.80784216036643,36.59838040730737
青海省第四人民医院（青海省传染病医院）,青海省西宁市南山东路14号,101.78651866709436,36.60600449428003
青海省妇产儿童医院,青海省西宁市共和路15号,101.80346091795869,36.61951861764332
青海省妇女儿童医院,青海省共和路257号,101.79901910237196,36.612704047794765
青海省精神卫生防治院,青海省西宁市果洛路41号,101.8086145401972,36.59911855218472
青海省康复医院,青海省西宁市城东区八一中路6号,101.83102992808693,36.59122278344159
青海省人民医院,青海省西宁市共和路2号,101.80186525740845,36.620203068640855
青海省心血管病专科医院,青海省西宁市砖厂路7号,101.75491547363927,36.60892295677153
青海省中医院,青海省西宁市城中区七一路338号,101.7868756709576,36.6260770481454
青海省中医院青海省中西医结合医院,青海省西宁市城中区七一路338号,101.7868756709576,36.6260770481454
中国人民解放军第四医院,青海省西宁市八一东路67号,101.84514649209318,36.57753865469299
宁夏人民医院,宁夏银川怀远西路148号,106.12584531140354,38.48957221262958
宁夏医科大学附属医院,宁夏银川市胜利街804号,106.2738326259288,38.43511990329444
银川市第一人民医院,宁夏银川市城区利群西街2号,106.2589733286308,38.46441553224783
银川市中医院,宁夏回族自治区银川市解放西街239号,106.26030881985173,38.46950697374772
克拉玛依市中心医院,新疆维吾尔自治区克拉玛依市准噶尔路67号,84.87227962955761,45.60124912616924
石河子大学医学院第一附属医院,新疆石河子市北二路32小区,86.05670953848058,44.29842955646044
乌鲁木齐市口腔医院,新疆乌鲁木齐市中山路147号,87.61281539337253,43.79260425970369
乌鲁木齐市友谊医院（乌鲁木齐市第三医院）,新疆维吾尔自治区乌鲁木齐市胜利路558号,87.61316786373817,43.76854766246631
武警新疆生产建设兵团指挥部医院,新疆维吾尔自治区乌鲁木齐市南湖北路11号,87.6101256496556,43.82625995641696
新疆创伤外科医院,新疆维吾尔自治区乌鲁木齐市七道湾路50号,87.64280830347101,43.87610035041336
新疆生产建设兵团总医院（石沙子大学医学院第二附属医院）,新疆乌鲁木齐市天山区青年路232号,87.63021277023982,43.80307194140094
新疆维吾尔自治区人民医院,新疆乌鲁木齐市天山区天池路91号,87.61329218124081,43.78369943016568
新疆维吾尔自治区中医医院,新疆乌鲁木齐市黄河路53号,87.59976150780356,43.78823782092192
新疆维吾尔自治区肿瘤医院,新疆维吾尔自治区乌鲁木齐市新市区苏州东街789号,87.56843188625861,43.86051785345258
新疆心脑血管病医院,新疆乌鲁木齐市高新街南3巷45号,87.56772974241031,43.853360923193165
新疆伊犁哈萨克自治州友谊医院,新疆维吾尔自治区伊犁地区伊宁市斯大林街92号,81.31577578937782,43.917545624909025
新疆医科大第一附属医院,新疆乌鲁木齐市鲤鱼山路1号,87.59888611619544,43.89044137825734
新疆医科大学第二附属医院七道湾医院（新疆医科大学第二附属医院老院）,新疆维吾尔自治区乌鲁木齐市水磨沟区七道湾路50号,87.64128925492825,43.87545528524624
新疆医科大学第五附属医院（乌鲁木齐铁路局中心医院）,新疆维吾尔自治区乌鲁木齐市新市区河南路118号,87.57219727866386,43.872379638520975
新疆医科大学第一附属医院,新疆维吾尔自治区乌鲁木齐市新市区鲤鱼山南路137号,87.57975745619949,43.83793337984061
新疆医科大学附属肿瘤医院,新疆维吾尔自治区乌鲁木齐市新市区北京南路30号,87.57688949054562,43.8359459935505
中国人民解放军第四七四医院,新疆维吾尔自治区乌鲁木齐市北京北路26号,87.55066824804985,43.884775144544605
中国人民解放军兰州军区乌鲁木齐总医院,新疆维吾尔自治区乌鲁木齐友好北路41号,87.42948850330771,43.82597469960189
中国人民解放军总医院（中国人民解放军第三Ｏ一医院）,,117.17996116704522,39.11680176876786
中国人民解放军第一医院（三爱堂医院）,,115.98658912174517,39.69305733375069
中国人民解放军第三中心医院,,117.24170774723228,39.10893754033476
中国人民解放军第四陆军医院,,0.0,0.0
中国人民解放军海军总医院,,116.31695521430726,39.921421610044206
中国人民解放军空军总医院,,116.29490068673962,39.9204604676731
中国人民解放军第二炮兵总医院（中国人民解放军二六二医院）,,117.17996116704522,39.11680176876786
中国人民解放军白求恩国际和平医院,,114.44322391391073,38.038852920437655
中国人民解放军北京军区总医院,,116.42289392815148,39.92948178488063
中国人民解放军沈阳军区总医院（北方医院）,,117.17996116704522,39.11680176876786
中国人民解放军南京军区南京总医院,,118.80358549165207,32.04381102730273
中国人民解放军南京军区福州总医院（中国人民解放军第九三医院）,,119.27549102441944,26.093650382511846
中国人民解放军济南军区总医院,,116.97721308352241,36.69703930143971
中国人民解放军广州军区广州总医院,,113.24954996566895,23.14527977707393
中国人民解放军广州军区武汉总医院,,114.33896529273306,30.533201623692506
中国人民解放军成都军区总医院,,104.11579018118084,30.747358072034967
中国人民解放军成都军区昆明总医院,,102.68467009149559,25.039023601790145
中国人民解放军西藏军区总医院,,91.12489382237239,29.699759807041772
中国人民解放军兰州军区乌鲁木齐总医院,,103.7314553486926,36.10285307808861
中国人民解放军第二军医大学附属长征医院,,121.4596586448909,31.265854156330853
中国人民解放军第二军医大学附属长海医院,,121.52401627620647,31.31071388118637
中国人民解放军第二军医大学附属东方肝胆外科医院,,116.67684167462788,40.29541957990197
中国人民解放军第三军医大学第一附属医院（西南医院）,,121.58026526975374,31.187788695516687
中国人民解放军第三军医大学第三附属医院（大坪医院）,,120.11587739077936,30.286422701727258
中国人民解放军第三军医大学第二附属医院（新桥医院）,,120.58009195597374,31.297533469300276
中国人民解放军第四军医大学西京医院,,106.47771794353507,29.533500505611258
中国人民解放军第四军医大学唐都医院,,109.05755467803147,34.28517949449062
中国人民解放军第四军医大学口腔医院（秦都口腔医院）,,108.70133313197445,34.33034771910811
中国人民解放军第四十七医院,,114.92823158744017,36.466760071011045
中国人民解放军第五十九医院,,121.51203318001659,31.206242982944925
中国人民解放军第八十一医院,,121.43294772336027,31.185037597265758
中国人民解放军第八十五医院,,121.42785762320739,31.211419787235794
中国人民解放军第八十八医院,,121.56412596685004,31.148977178762067
中国人民解放军第八十九医院,,121.45978162683318,31.220546933015942
中国人民解放军第九四医院,,121.51180440744834,31.206367268061587
中国人民解放军第九七医院（淮海医院）,,121.45980773917147,31.22065996527835
中国人民解放军第一Ｏ二医院（常州和平医院）,,119.95940801842663,31.7758028131276
中国人民解放军第一一七医院（杭州空军医院）,,120.11365842372801,30.24788104917443
中国人民解放军第一五Ｏ中心医院,,104.09860766582274,30.549087723488547
中国人民解放军第一五三中心医院,,113.52901969577576,34.7657793060018
中国人民解放军广州军区第一五七中心医院,,113.56841761320074,23.55322555587942
中国人民解放军第一五九医院,,121.56400379611281,31.148618209440215
中国人民解放军第一六Ｏ医院,,118.7601641616212,32.23760741310036
中国人民解放军第一六一中心医院,,116.41354153558734,39.941733910676234
中国人民解放军第一七五医院,,121.40313658428941,31.208739456396113
中国人民解放军第一八一医院（桂林漓江医院）,,121.28832897167548,31.212808352548997
中国人民解放军第一九六医院,,121.55241507728799,31.206605703994622
中国人民解放军第二Ｏ二医院,,103.69297119761504,30.651899367229017
中国人民解放军第二Ｏ三医院,,112.45946781261833,23.08738255288662
中国人民解放军第二Ｏ八医院,,113.0031713981774,28.196851397014772
中国人民解放军第二一一医院,,121.56443254346641,31.14858677844396
中国人民解放军第二二二医院,,121.40283952657141,31.208909313165154
中国人民解放军第二五一医院,,121.56382148523534,31.14840213672046
中国人民解放军第二五二医院,,121.4032316204196,31.208868385323463
中国人民解放军第二五三医院,,121.55379724055247,31.20655900799568
中国人民解放军第二五四医院,,121.55382327077533,31.206560080458267
中国人民解放军第一六三医院,,114.92823158744017,36.466760071011045
中国人民解放军第一六九中心医院,,121.40331260920412,31.208699534129494
中国人民解放军第二六四医院,,114.92823158744017,36.466760071011045
中国人民解放军第二六六医院,,114.92823158744017,36.466760071011045
中国人民解放军第一七三医院,,121.43348566641492,31.185307262458924
中国人民解放军第三Ｏ二医院,,103.69297119761504,30.651899367229017
中国人民解放军第三Ｏ三医院,,120.17326997502818,30.24901256240647
中国人民解放军第三Ｏ四医院,,112.94409351796703,28.19762765930885
中国人民解放军第三Ｏ五医院,,121.40279835486233,31.007795695567847
中国人民解放军第三Ｏ六医院,,114.28488108098027,30.60249220886056
中国人民解放军第三Ｏ七医院（军事医学科学院附属医院）,,120.10852681375843,30.272303181209857
中国人民解放军第三Ｏ九医院,,121.51202641031409,29.919188096425685
中国人民解放军第三二三医院,,121.55368593753082,31.20644586176041
中国人民解放军第三二四医院,,121.40335863026391,31.208989389043694
中国人民解放军海军第四Ｏ一医院,,113.29204332395983,23.079782843526637
中国人民解放军第四一一医院,,120.17227863227662,30.291969962812214
中国人民解放军第四一四医院,,0.0,0.0
中国人民解放军第四二一医院,,120.17216625416515,30.29170979127084
中国人民解放军第四二二医院,,104.26427200423505,30.57074304128671
中国人民解放军第四五一医院,,113.75116338724388,23.05231843345858
中国人民解放军第四五二医院（空军成都医院）,,103.57515631319451,30.83784877543414
中国人民解放军第四五五医院,,108.15463787026049,29.288599112941956
中国人民解放军第四五七医院（原空军汉口医院）,,114.24897999595078,30.621536362663296
中国人民解放军第四五八医院（空军广州中心医院）,,113.30709756402167,23.13405110703455
中国人民解放军第四六Ｏ医院（原空军郑州医院）,,121.56477710090194,31.14874513983568
中国人民解放军第四六三医院（沈阳军区空军中心医院）,,123.46935933456197,41.79169553110286
中国人民解放军第四六四医院（中国人民解放军空军天津医院）,,117.17692372471954,39.06629077611824
中国人民解放军第四六五医院（中国人民解放军空军吉林医院）,,126.56725928843312,43.828073384150976
中国人民解放军第四六六医院,,114.92823158744017,36.466760071011045
中国人民解放军第四七三医院（空军兰州医院）,,120.223075548987,30.194088783832452
中国人民解放军第四七四医院（空军乌鲁木齐医院）,,87.55066824804985,43.884775144544605
武警总医院,,126.59295754733634,45.73807223838142
武警山东省总队医院,,121.38329990906783,31.194612977235884
武警天津省总队医院,,117.19670496603403,39.08679479431836
武警河南总队医院,,101.61432082118925,34.73571932802169
武警湖北总队医院,,113.29523736996559,23.08444682207538
武警广东省总队医院,,113.25077250358197,22.759040105665644
武警重庆总队医院,,106.58401737446853,29.58519688005316
武警贵州省总队医院,,121.38329990906783,31.194612977235884
武警陕西省总队医院,,121.38329990906783,31.194612977235884
